"dataset","model","method","seed","batch_size","latency_ms_median","latency_ms_mean","latency_ms_std","latency_ci_lo","latency_ci_hi","throughput_per_sec","aif360_version","sklearn_version","notes"
"adult","lr","baseline","42","1","0.08330005221068859","0.08460899349302053","0.004486837994406637","0.082949991337955","0.08369994175154716","12004.794396415584","0.6.1","1.5.2","multi_batch"
"adult","lr","baseline","42","32","0.08904992137104273","0.09021200239658356","0.003638358230850605","0.0887999776750803","0.08950009942054749","359348.9978128803","0.6.1","1.5.2","multi_batch"
"adult","lr","baseline","42","128","0.18235004972666502","0.1897729979828","0.031370385690385964","0.17695012502372265","0.18745371780823913","701946.6141734897","0.6.1","1.5.2","multi_batch"
"adult","lr","baseline","42","256","0.21154992282390594","0.2229150151833892","0.03328077088709161","0.20849984139204025","0.21469988860189915","1210116.2533303984","0.6.1","1.5.2","multi_batch"
"adult","lr","baseline","42","1024","0.48770010471343994","0.5624780035577714","0.21059047440810227","0.4616999067366123","0.5466998554766178","2099650.974243026","0.6.1","1.5.2","multi_batch"
"adult","lr","reweighing","42","1","0.09360001422464848","0.0994920008815825","0.015107436931561776","0.09330012835562229","0.09400001727044582","10683.759060120545","0.6.1","1.5.2","multi_batch"
"adult","lr","reweighing","42","32","0.10305002797394991","0.12964200228452682","0.05179839291125051","0.1025001984089613","0.10400009341537952","310528.7851846998","0.6.1","1.5.2","multi_batch"
"adult","lr","reweighing","42","128","0.19129994325339794","0.20613102009519935","0.04563133186393614","0.18790015019476414","0.1963501563295722","669106.3145295858","0.6.1","1.5.2","multi_batch"
"adult","lr","reweighing","42","256","0.21460000425577164","0.23637999780476093","0.055197944070424027","0.21154992282390594","0.22070016711950302","1192917.0313290658","0.6.1","1.5.2","multi_batch"
"adult","lr","reweighing","42","1024","0.41640002746134996","0.44141598977148533","0.08304857622976398","0.404000049456954","0.43620006181299686","2459173.70909647","0.6.1","1.5.2","multi_batch"
"adult","lr","dir","42","1","3.1697499798610806","3.682675997260958","2.1997421200685072","2.77970009483397","3.4171000588685274","315.48229556068225","0.6.1","1.5.2","multi_batch"
"adult","lr","dir","42","32","3.2702001044526696","3.6456330097280443","1.032385110368595","3.029492517816834","3.7108000833541155","9785.333917771313","0.6.1","1.5.2","multi_batch"
"adult","lr","dir","42","128","4.671499948017299","4.886118010617793","1.790921140710173","4.218150163069367","5.153700010851026","27400.1929625037","0.6.1","1.5.2","multi_batch"
"adult","lr","dir","42","256","5.072250030934811","5.394292999990284","1.3880668203778495","4.553949926048517","5.778619879856705","50470.69810019193","0.6.1","1.5.2","multi_batch"
"adult","lr","dir","42","1024","7.089849910698831","7.358100989367813","1.2039720323344871","6.804599892348051","7.190299918875098","144431.83041925164","0.6.1","1.5.2","multi_batch"
"adult","lr","eqodds","42","1","0.20729994866997004","0.2322820038534701","0.06648401551209819","0.20570005290210247","0.21590013056993484","4823.927870778399","0.6.1","1.5.2","multi_batch"
"adult","lr","eqodds","42","32","0.18224993254989386","0.2580120088532567","0.12088217188440337","0.1775000710040331","0.2054001670330763","175583.0553804978","0.6.1","1.5.2","multi_batch"
"adult","lr","eqodds","42","128","0.3733000485226512","0.419302002992481","0.15310929285556257","0.33929990604519844","0.39063869917299576","342887.71326594986","0.6.1","1.5.2","multi_batch"
"adult","lr","eqodds","42","256","0.5683499621227384","0.6006069993600249","0.1938462635335553","0.5535825213883072","0.5834000185132027","450426.703722935","0.6.1","1.5.2","multi_batch"
"adult","lr","eqodds","42","1024","0.76299998909235","0.8860580041073263","0.22355633283019097","0.7493500597774982","0.8165999315679073","1342070.7924493295","0.6.1","1.5.2","multi_batch"
"adult","rf","baseline","42","1","1.9396500429138541","2.140464009717107","0.4299232084432259","1.9076000899076462","2.0125500159338117","515.5569189675795","0.6.1","1.5.2","multi_batch"
"adult","rf","baseline","42","32","3.415949991904199","4.033539006486535","1.676574369690683","3.255499992519617","3.724499954842031","9367.818637813783","0.6.1","1.5.2","multi_batch"
"adult","rf","baseline","42","128","6.160500110127032","6.582462007645518","1.2903430952325479","5.796700017526746","6.414900068193674","20777.533919622085","0.6.1","1.5.2","multi_batch"
"adult","rf","baseline","42","256","8.803000091575086","8.960907005239278","0.7731906508359299","8.67650005966425","8.989749941974878","29080.994812780347","0.6.1","1.5.2","multi_batch"
"adult","rf","baseline","42","1024","20.606350037269294","21.202081996016204","1.8772936278680372","20.418799947947264","20.80340008251369","49693.41965694853","0.6.1","1.5.2","multi_batch"
"adult","rf","reweighing","42","1","2.3447000421583652","3.158524993341416","2.2394715254721116","2.1935999393463135","2.710399916395545","426.4937868468116","0.6.1","1.5.2","multi_batch"
"adult","rf","reweighing","42","32","4.649900016374886","5.655335013289005","2.3712851145632428","4.114300012588501","5.505500012077391","6881.868403043117","0.6.1","1.5.2","multi_batch"
"adult","rf","reweighing","42","128","6.6426999401301146","7.134665972553194","1.6035042209172994","6.492799962870777","6.837428602739237","19269.27321023818","0.6.1","1.5.2","multi_batch"
"adult","rf","reweighing","42","256","10.311849880963564","11.993119998369366","5.9169357299974665","9.972849977202713","10.716850054450333","24825.807488973915","0.6.1","1.5.2","multi_batch"
"adult","rf","reweighing","42","1024","24.11845000460744","25.932465989608318","6.128813627444547","22.882699850015342","25.710799964144826","42457.123065718624","0.6.1","1.5.2","multi_batch"
"adult","rf","dir","42","1","3.815400064922869","4.619932007044554","1.6682914401040652","3.542550024576485","4.196800058707595","262.09571289615616","0.6.1","1.5.2","multi_batch"
"adult","rf","dir","42","32","8.716150070540607","9.900758997537196","3.5548493307813565","7.725300034508109","10.686800116673112","3671.3456905882813","0.6.1","1.5.2","multi_batch"
"adult","rf","dir","42","128","9.706350043416023","11.329028003383428","2.6753797405329807","9.492099983617663","11.019301274791358","13187.243343528962","0.6.1","1.5.2","multi_batch"
"adult","rf","dir","42","256","16.416049911640584","16.0935030085966","2.4505475110520227","16.126699978485703","16.757350065745413","15594.494496417861","0.6.1","1.5.2","multi_batch"
"adult","rf","dir","42","1024","35.65740003250539","35.88176599703729","5.123562203725101","34.83354998752475","36.120799952186644","28717.741592671326","0.6.1","1.5.2","multi_batch"
"adult","rf","eqodds","42","1","2.2334499517455697","2.5195469986647367","0.6495356461248397","2.104000188410282","2.446899889037013","447.7378144150678","0.6.1","1.5.2","multi_batch"
"adult","rf","eqodds","42","32","3.6068499321117997","4.033359012100846","1.1879084522100558","3.526599961332977","3.726349910721183","8872.007597295322","0.6.1","1.5.2","multi_batch"
"adult","rf","eqodds","42","128","9.944949997588992","10.059024980291724","2.816713349864532","8.5498500848189","11.60629978403449","12870.854054674155","0.6.1","1.5.2","multi_batch"
"adult","rf","eqodds","42","256","11.887799948453903","14.090115998405963","5.952284411971036","10.708600049838424","13.981700176373124","21534.68270916644","0.6.1","1.5.2","multi_batch"
"adult","rf","eqodds","42","1024","27.806099969893694","29.229551986791193","8.575489468409065","26.584899984300137","29.134449898265302","36826.451789668754","0.6.1","1.5.2","multi_batch"
"adult","lr","baseline","123","1","0.08350005373358727","0.084179004188627","0.002551614029852629","0.08330005221068859","0.08370005525648594","11976.040197417951","0.6.1","1.5.2","multi_batch"
"adult","lr","baseline","123","32","0.09934999980032444","0.1059779804199934","0.024150765066462878","0.09709992446005344","0.10210007894784212","322093.60910230724","0.6.1","1.5.2","multi_batch"
"adult","lr","baseline","123","128","0.186449964530766","0.20790099631994963","0.059353475351924846","0.18199998885393143","0.19499985501170158","686511.2595871735","0.6.1","1.5.2","multi_batch"
"adult","lr","baseline","123","256","0.2183000324293971","0.22592901019379497","0.027717813941200164","0.21510012447834015","0.2206013014074415","1172697.9476413769","0.6.1","1.5.2","multi_batch"
"adult","lr","baseline","123","1024","0.4259499255567789","0.44851398561149836","0.06684053972502785","0.4189000464975834","0.435700174421072","2404038.4527863977","0.6.1","1.5.2","multi_batch"
"adult","lr","reweighing","123","1","0.08329993579536676","0.0872119888663292","0.009608189577748916","0.08309993427246809","0.08400005754083395","12004.811173643438","0.6.1","1.5.2","multi_batch"
"adult","lr","reweighing","123","32","0.09009998757392168","0.09269501082599163","0.007063798011926596","0.08970010094344616","0.09039998985826969","355160.981279225","0.6.1","1.5.2","multi_batch"
"adult","lr","reweighing","123","128","0.18329988233745098","0.18868799787014723","0.026886177901868945","0.1776998396962881","0.1867001410573721","698309.2316685445","0.6.1","1.5.2","multi_batch"
"adult","lr","reweighing","123","256","0.21395005751401186","0.21761798532679677","0.022156752430484882","0.21150009706616402","0.21739990916103125","1196540.9263011497","0.6.1","1.5.2","multi_batch"
"adult","lr","reweighing","123","1024","0.4144000122323632","0.4221660061739385","0.028846703787846727","0.41009997949004173","0.42319996282458305","2471042.3981016213","0.6.1","1.5.2","multi_batch"
"adult","lr","dir","123","1","1.8779999809339643","2.2322489973157644","0.7083858025606408","1.7760999035090208","2.0577500108629465","532.4813685582048","0.6.1","1.5.2","multi_batch"
"adult","lr","dir","123","32","3.109999932348728","3.6081769969314337","0.9456313901347888","3.0041499994695187","3.5515499766916037","10289.389291347354","0.6.1","1.5.2","multi_batch"
"adult","lr","dir","123","128","3.9022999117150903","4.329649009741843","1.2062541700671834","3.6261624074541032","4.074400058016181","32801.16928371685","0.6.1","1.5.2","multi_batch"
"adult","lr","dir","123","256","3.9609000086784363","4.157629990950227","0.6627762517121591","3.8570499746128917","4.023000015877187","64631.77546494414","0.6.1","1.5.2","multi_batch"
"adult","lr","dir","123","1024","6.298499880358577","6.50545799639076","0.6823976436503173","6.1298999935388565","6.531250081025064","162578.394768772","0.6.1","1.5.2","multi_batch"
"adult","lr","eqodds","123","1","0.174800050444901","0.18601701129227877","0.03763829437309523","0.17404987011104822","0.17549993935972452","5720.822147675591","0.6.1","1.5.2","multi_batch"
"adult","lr","eqodds","123","32","0.20849995780736208","0.2522900071926415","0.07995025923063008","0.20409879216458648","0.21440000273287296","153477.24928350124","0.6.1","1.5.2","multi_batch"
"adult","lr","eqodds","123","128","0.45145011972635984","0.44878598768264055","0.23933742220878548","0.29829994309693575","0.47420000191777945","283530.7698613202","0.6.1","1.5.2","multi_batch"
"adult","lr","eqodds","123","256","0.5316499155014753","0.6146740075200796","0.31603650934039995","0.48789987340569496","0.566038637771271","481519.8733898597","0.6.1","1.5.2","multi_batch"
"adult","lr","eqodds","123","1024","0.9634500602260232","1.0121630039066076","0.15277597010473767","0.9394448803504929","0.9874999523162842","1062846.9936052233","0.6.1","1.5.2","multi_batch"
"adult","rf","baseline","123","1","2.4870000779628754","3.0208449973724782","1.326078238723865","2.256950014270842","2.981400117278099","402.09085993238455","0.6.1","1.5.2","multi_batch"
"adult","rf","baseline","123","32","3.8625000743195415","4.104589999187738","0.7388721992863299","3.7788163259392604","4.06293621927034","8284.789484602781","0.6.1","1.5.2","multi_batch"
"adult","rf","baseline","123","128","6.171800079755485","6.391241014935076","0.7453052079186372","6.020300090312958","6.370300077833235","20739.492262534714","0.6.1","1.5.2","multi_batch"
"adult","rf","baseline","123","256","9.255899931304157","9.971384995151311","3.3849489635672017","9.008700028061867","9.527100017294288","27658.034540130295","0.6.1","1.5.2","multi_batch"
"adult","rf","baseline","123","1024","22.02454989310354","24.27752699237317","6.878598054123306","21.44940011203289","22.815000033006072","46493.57217150853","0.6.1","1.5.2","multi_batch"
"adult","rf","reweighing","123","1","2.057350007817149","2.415301001165062","0.8175193136726503","1.963599817827344","2.2280500270426273","486.0621655043525","0.6.1","1.5.2","multi_batch"
"adult","rf","reweighing","123","32","3.3229499822482467","3.4766100044362247","0.6645994888438272","3.1973513774573803","3.3938001142814755","9629.997493476983","0.6.1","1.5.2","multi_batch"
"adult","rf","reweighing","123","128","8.872600039467216","11.145350995939225","9.669652066885392","7.814949960447848","10.951150092296302","14426.436380613206","0.6.1","1.5.2","multi_batch"
"adult","rf","reweighing","123","256","10.262749972753227","11.097760992124677","2.461096953638353","9.320199955254793","12.502600089646876","24944.58119701438","0.6.1","1.5.2","multi_batch"
"adult","rf","reweighing","123","1024","28.596049989573658","27.837705011479557","5.287812974000874","25.721600046381354","29.223402545903806","35809.14148539251","0.6.1","1.5.2","multi_batch"
"adult","rf","dir","123","1","4.297749954275787","4.568601006176323","1.237291508635877","3.7440500454977155","4.785099998116493","232.67989311595719","0.6.1","1.5.2","multi_batch"
"adult","rf","dir","123","32","8.77259997650981","9.248600995633751","2.179906763369957","8.27039999421686","9.886000072583556","3647.7213238590234","0.6.1","1.5.2","multi_batch"
"adult","rf","dir","123","128","13.123249867931008","12.852620005141944","2.410241697062545","12.522849952802062","13.70909996330738","9753.681541398579","0.6.1","1.5.2","multi_batch"
"adult","rf","dir","123","256","15.166400000452995","16.578699003439397","4.362393782629913","14.173443758045323","16.770267693209444","16879.41765958657","0.6.1","1.5.2","multi_batch"
"adult","rf","dir","123","1024","28.978549991734326","31.994242002256215","7.47918999212771","28.6089499713853","30.29310004785657","35336.48164908458","0.6.1","1.5.2","multi_batch"
"adult","rf","eqodds","123","1","2.3569000186398625","2.720912015065551","1.0848563676155174","2.2748999763280153","2.4764500558376312","424.28613521632855","0.6.1","1.5.2","multi_batch"
"adult","rf","eqodds","123","32","3.8478999631479383","4.2458859900943935","1.417176003345649","3.743399982340634","4.054900025948882","8316.22451375296","0.6.1","1.5.2","multi_batch"
"adult","rf","eqodds","123","128","6.6130999475717545","7.064959001727402","1.44593265866926","6.482500000856817","6.921800086274743","19355.521769635427","0.6.1","1.5.2","multi_batch"
"adult","rf","eqodds","123","256","9.373299893923104","10.391006004065275","2.8830710865801357","9.188949945382774","9.609899949282408","27311.61948269359","0.6.1","1.5.2","multi_batch"
"adult","rf","eqodds","123","1024","23.84555002208799","26.287376002874225","7.05779871744807","22.619692503940314","24.705300107598305","42943.02287225394","0.6.1","1.5.2","multi_batch"
"adult","lr","baseline","256","1","0.09839993435889482","0.11036800453439355","0.024907883633714777","0.09524996858090162","0.10595005005598068","10162.608405333813","0.6.1","1.5.2","multi_batch"
"adult","lr","baseline","256","32","0.1569000305607915","0.14647100353613496","0.0356118847671557","0.1501000951975584","0.1618013164261356","203951.52177871298","0.6.1","1.5.2","multi_batch"
"adult","lr","baseline","256","128","0.18725008703768253","0.1953310053795576","0.032871665872017036","0.1835001166909933","0.19029993563890457","683577.786397723","0.6.1","1.5.2","multi_batch"
"adult","lr","baseline","256","256","0.2080998383462429","0.21510699996724725","0.03301187044608492","0.204250100068748","0.213349936529994","1230178.754747802","0.6.1","1.5.2","multi_batch"
"adult","lr","baseline","256","1024","0.34419994335621595","0.36842501256614923","0.07895524173094515","0.34120003692805767","0.3483499167487025","2975015.016025881","0.6.1","1.5.2","multi_batch"
"adult","lr","reweighing","256","1","0.08320016786456108","0.08423199411481619","0.0026951085029857285","0.08299993351101875","0.08370005525648594","12019.20651924487","0.6.1","1.5.2","multi_batch"
"adult","lr","reweighing","256","32","0.08880009409040213","0.08933400269597769","0.0033519528806647686","0.08860009256750345","0.08899998210836202","360359.97853135935","0.6.1","1.5.2","multi_batch"
"adult","lr","reweighing","256","128","0.20539993420243263","0.2015420002862811","0.041374862731133735","0.18450012430548668","0.21045116591267288","623174.4936872723","0.6.1","1.5.2","multi_batch"
"adult","lr","reweighing","256","256","0.19459996838122606","0.20452397875487804","0.04067474709515399","0.19189619924873114","0.1970499288290739","1315519.2271074257","0.6.1","1.5.2","multi_batch"
"adult","lr","reweighing","256","1024","0.5480999825522304","0.7138589886017144","0.7364382598754835","0.5047001177445054","0.6062000757083297","1868272.2725728594","0.6.1","1.5.2","multi_batch"
"adult","lr","dir","256","1","1.916249981150031","2.163180010393262","0.7543568364802323","1.738299964927137","2.1201500203460455","521.8525817805114","0.6.1","1.5.2","multi_batch"
"adult","lr","dir","256","32","2.9523499542847276","3.2836179877631366","0.8347342905376595","2.7254499727860093","3.202203687396832","10838.823478076707","0.6.1","1.5.2","multi_batch"
"adult","lr","dir","256","128","3.6417999072000384","4.068111986853182","1.208740095993982","3.4585000248625875","3.958699991926551","35147.45545106335","0.6.1","1.5.2","multi_batch"
"adult","lr","dir","256","256","4.718399955891073","5.672489001881331","2.1423342579410294","4.2189001105725765","5.800799932330847","54255.68039868597","0.6.1","1.5.2","multi_batch"
"adult","lr","dir","256","1024","8.078900049440563","9.755302995909005","4.960943829908394","7.580999983474612","8.990150061435997","126749.92805127086","0.6.1","1.5.2","multi_batch"
"adult","lr","eqodds","256","1","0.1542000100016594","0.18319699447602034","0.06509332694420937","0.15380000695586205","0.1553000183776021","6485.083885463034","0.6.1","1.5.2","multi_batch"
"adult","lr","eqodds","256","32","0.17199991270899773","0.19220699556171894","0.06640002329317812","0.1716997940093279","0.17239991575479507","186046.60604764367","0.6.1","1.5.2","multi_batch"
"adult","lr","eqodds","256","128","0.2871500328183174","0.33412198768928647","0.09960792385081743","0.28220005333423615","0.29390002600848675","445760.0047741831","0.6.1","1.5.2","multi_batch"
"adult","lr","eqodds","256","256","0.36474992521107197","0.42406397871673107","0.13559578090585672","0.3512999974191189","0.38810004480183125","701850.7264994201","0.6.1","1.5.2","multi_batch"
"adult","lr","eqodds","256","1024","1.2051500380039215","1.3982849917374551","0.7437927146007313","1.0886749107157812","1.3286999892443419","849686.7341895797","0.6.1","1.5.2","multi_batch"
"adult","rf","baseline","256","1","2.2054999135434628","2.655449006706476","1.0565961716634842","2.080949954688549","2.446299884468317","453.4119425075613","0.6.1","1.5.2","multi_batch"
"adult","rf","baseline","256","32","6.595500046387315","6.867381006013602","2.5904241596702478","5.6035000598058105","7.209750008769333","4851.792854967532","0.6.1","1.5.2","multi_batch"
"adult","rf","baseline","256","128","10.416000033728778","9.155705007724464","2.6760578863323032","7.331550004892051","10.731777548789978","12288.78644254169","0.6.1","1.5.2","multi_batch"
"adult","rf","baseline","256","256","13.308100053109229","12.813356001861393","2.4747528065488478","13.079899945296347","13.474799925461411","19236.404819498606","0.6.1","1.5.2","multi_batch"
"adult","rf","baseline","256","1024","32.267850008793175","32.7075340016745","7.58274031362285","31.367450021207333","33.37710001505911","31734.373369188033","0.6.1","1.5.2","multi_batch"
"adult","rf","reweighing","256","1","1.9192000618204474","2.093881000764668","0.449364468872124","1.9052974588703364","1.9490999402478337","521.050420898515","0.6.1","1.5.2","multi_batch"
"adult","rf","reweighing","256","32","3.142499946989119","3.264619007240981","0.5347373854097451","3.029500017873943","3.243149956688285","10182.975509883374","0.6.1","1.5.2","multi_batch"
"adult","rf","reweighing","256","128","5.747500108554959","6.062276000156999","0.7514378125686906","5.634549888782203","6.007850053720176","22270.551993461704","0.6.1","1.5.2","multi_batch"
"adult","rf","reweighing","256","256","8.86954995803535","9.489910998381674","1.6095451678790196","8.74258742260281","9.235099889338017","28862.79475409881","0.6.1","1.5.2","multi_batch"
"adult","rf","reweighing","256","1024","20.861949888058007","22.4344159825705","4.756332080402084","20.661299815401435","21.190900122746825","49084.57768783002","0.6.1","1.5.2","multi_batch"
"adult","rf","dir","256","1","3.4532499266788363","4.039933995809406","1.208162476291083","3.3989499788731337","3.6431001499295235","289.58228371317165","0.6.1","1.5.2","multi_batch"
"adult","rf","dir","256","32","6.190150044858456","6.4029330015182495","0.7991502086374161","6.063955070567317","6.423100014217198","5169.5031248199275","0.6.1","1.5.2","multi_batch"
"adult","rf","dir","256","128","9.105600067414343","9.346770010888577","1.0487256143735941","8.957450045272708","9.254599921405315","14057.283325902465","0.6.1","1.5.2","multi_batch"
"adult","rf","dir","256","256","12.25505000911653","12.627822002395988","1.308519954314798","12.125833763275295","12.443199986591935","20889.347641140725","0.6.1","1.5.2","multi_batch"
"adult","rf","dir","256","1024","26.791100041009486","27.639144982676953","2.6466946837608405","26.704799849539995","26.984900003299117","38221.64817542206","0.6.1","1.5.2","multi_batch"
"adult","rf","eqodds","256","1","2.053049858659506","2.2775699966587126","0.5091271564386933","2.000999986194074","2.109050052240491","487.08023128718764","0.6.1","1.5.2","multi_batch"
"adult","rf","eqodds","256","32","3.2424001256003976","3.381051989272237","0.6531263924315394","3.1464723666431382","3.316699992865324","9869.232284857051","0.6.1","1.5.2","multi_batch"
"adult","rf","eqodds","256","128","5.9440500335767865","6.263130011502653","0.8877823244706938","5.732996249571443","6.154899951070547","21534.139059555826","0.6.1","1.5.2","multi_batch"
"adult","rf","eqodds","256","256","8.911950048059225","9.299159999936819","1.3211844562792168","8.665499975904822","9.111931134248152","28725.475189995","0.6.1","1.5.2","multi_batch"
"adult","rf","eqodds","256","1024","21.474699955433607","22.872902003582567","3.1055240716142567","21.217748668277636","21.870099939405918","47684.01896767381","0.6.1","1.5.2","multi_batch"
"adult","lr","baseline","789","1","0.08324999362230301","0.08371900534257293","0.003511685577951924","0.0830001663416624","0.08349993731826544","12012.012932239984","0.6.1","1.5.2","multi_batch"
"adult","lr","baseline","789","32","0.08890009485185146","0.0890940148383379","0.0012305697336775561","0.08870009332895279","0.08910009637475014","359954.6215707278","0.6.1","1.5.2","multi_batch"
"adult","lr","baseline","789","128","0.19710010383278131","0.20654200809076428","0.041201746822720216","0.192799954675138","0.20915002096444368","649416.1977133941","0.6.1","1.5.2","multi_batch"
"adult","lr","baseline","789","256","0.19274989608675241","0.22154798731207848","0.11298699406886341","0.18830003682523966","0.1968001015484333","1328145.981903825","0.6.1","1.5.2","multi_batch"
"adult","lr","baseline","789","1024","0.345699954777956","0.3641229937784374","0.06244028200419279","0.34369993954896927","0.34764991141855717","2962106.2596253967","0.6.1","1.5.2","multi_batch"
"adult","lr","reweighing","789","1","0.10125001426786184","0.12815299909561872","0.04063294795486057","0.09784998837858438","0.13658630196005087","9876.541818102378","0.6.1","1.5.2","multi_batch"
"adult","lr","reweighing","789","32","0.10145001579076052","0.11256500380113721","0.025648254014096847","0.10130007285624743","0.10245002340525389","315426.2692871298","0.6.1","1.5.2","multi_batch"
"adult","lr","reweighing","789","128","0.22375001572072506","0.2448629937134683","0.07487528909936625","0.21379999816417694","0.23890381853561846","572066.99891259","0.6.1","1.5.2","multi_batch"
"adult","lr","reweighing","789","256","0.22655015345662832","0.24300601100549102","0.06563299580571592","0.20264997147023678","0.260600121691823","1129992.6135296556","0.6.1","1.5.2","multi_batch"
"adult","lr","reweighing","789","1024","0.3521998878568411","0.38686601212248206","0.0921383398220029","0.3506499342620373","0.35450127033982426","2907439.8808900984","0.6.1","1.5.2","multi_batch"
"adult","lr","dir","789","1","1.545349950902164","1.6312809940427542","0.23672707930549358","1.5285001136362553","1.5633573580998927","647.102618676247","0.6.1","1.5.2","multi_batch"
"adult","lr","dir","789","32","2.6736001018434763","2.9688880033791065","0.5609023246262257","2.647500019520521","2.8157001361250877","11968.880453713198","0.6.1","1.5.2","multi_batch"
"adult","lr","dir","789","128","2.941250102594495","3.1538730091415346","0.43278702723632395","2.9227999038994312","2.971000038087368","43518.91050920505","0.6.1","1.5.2","multi_batch"
"adult","lr","dir","789","256","3.471749951131642","3.83812899235636","0.6830497246232187","3.4310000482946634","3.6179000744596124","73738.02940979518","0.6.1","1.5.2","multi_batch"
"adult","lr","dir","789","1024","6.189349922351539","6.486274008639157","0.8388568209221615","5.972949904389679","6.48530013859272","165445.4850423045","0.6.1","1.5.2","multi_batch"
"adult","lr","eqodds","789","1","0.15404995065182447","0.16275899717584252","0.02912512286863008","0.15380000695586205","0.15489989891648293","6491.400975909087","0.6.1","1.5.2","multi_batch"
"adult","lr","eqodds","789","32","0.2866499125957489","0.2784410142339766","0.07901627869202366","0.22500008344650269","0.3137001767754555","111634.43138783838","0.6.1","1.5.2","multi_batch"
"adult","lr","eqodds","789","128","0.3966999938711524","0.3966189967468381","0.06786865133315248","0.38950005546212196","0.4021000349894166","322661.966164724","0.6.1","1.5.2","multi_batch"
"adult","lr","eqodds","789","256","0.36429997999221087","0.4137899982742965","0.1063185535333137","0.3543999046087265","0.36880001425743103","702717.5790826932","0.6.1","1.5.2","multi_batch"
"adult","lr","eqodds","789","1024","0.7593000773340464","0.7965950015932322","0.12315164152881182","0.7542499806731939","0.7638500537723303","1348610.4250052664","0.6.1","1.5.2","multi_batch"
"adult","rf","baseline","789","1","1.924749929457903","2.0194429950788617","0.27548104839113713","1.9010799296665937","1.944399904459715","519.5480122873133","0.6.1","1.5.2","multi_batch"
"adult","rf","baseline","789","32","3.1617999775335193","3.248006012290716","0.43816634352853706","3.041700110770762","3.2423000084236264","10120.817327907884","0.6.1","1.5.2","multi_batch"
"adult","rf","baseline","789","128","5.81594998948276","6.496744982432574","1.7476104452019168","5.703049944713712","6.0980000998824835","22008.442340712707","0.6.1","1.5.2","multi_batch"
"adult","rf","baseline","789","256","8.84509994648397","9.331442003604025","1.9834827200672962","8.725800085812807","8.928150054998696","28942.578551841347","0.6.1","1.5.2","multi_batch"
"adult","rf","baseline","789","1024","20.685800001956522","21.85229399241507","2.228593152517294","20.575099857524037","21.04562000313308","49502.557305163304","0.6.1","1.5.2","multi_batch"
"adult","rf","reweighing","789","1","1.9056499004364014","2.0010280003771186","0.25923639459081615","1.8925000913441181","1.9222500268369913","524.7553602427162","0.6.1","1.5.2","multi_batch"
"adult","rf","reweighing","789","32","3.2420000061392784","3.4438049979507923","0.7510615456842498","3.1299999682232738","3.3462511783000077","9870.450320605354","0.6.1","1.5.2","multi_batch"
"adult","rf","reweighing","789","128","5.825150059536099","6.197406984865665","0.8295463160282314","5.782600026577711","6.060600164346397","21973.68285653977","0.6.1","1.5.2","multi_batch"
"adult","rf","reweighing","789","256","8.905000053346157","9.0078020025976","0.762787264861398","8.616200066171587","9.054549969732761","28747.8942691084","0.6.1","1.5.2","multi_batch"
"adult","rf","reweighing","789","1024","21.148549974896014","21.934437004383653","2.3137589839250845","20.89850010816008","21.37520001269877","48419.39524059663","0.6.1","1.5.2","multi_batch"
"adult","rf","dir","789","1","3.4536999883130193","3.7063130037859082","0.5247557522959613","3.4126000246033072","3.531599882990122","289.54454740825827","0.6.1","1.5.2","multi_batch"
"adult","rf","dir","789","32","6.2790000811219215","6.686124016996473","1.1095102355486381","6.153349997475743","6.515800021588802","5096.352856597239","0.6.1","1.5.2","multi_batch"
"adult","rf","dir","789","128","9.39264998305589","9.736181003972888","1.3308687129425159","9.125699987635016","9.583499981090426","13627.676984760303","0.6.1","1.5.2","multi_batch"
"adult","rf","dir","789","256","12.645300012081861","13.410047993529588","1.9054114952441947","12.539019962423481","12.918299878947437","20244.675868141258","0.6.1","1.5.2","multi_batch"
"adult","rf","dir","789","1024","28.62030011601746","30.132462987676263","4.275674543191191","28.194200014695525","29.26789872872177","35778.80021694512","0.6.1","1.5.2","multi_batch"
"adult","rf","eqodds","789","1","2.0647000055760145","2.4391939933411777","0.7596163869522569","1.9826949632260948","2.3552998900413513","484.3318628853385","0.6.1","1.5.2","multi_batch"
"adult","rf","eqodds","789","32","3.346150042489171","3.4681910020299256","0.49448910932164675","3.2604499720036983","3.4678499214351177","9563.229261589086","0.6.1","1.5.2","multi_batch"
"adult","rf","eqodds","789","128","6.620499887503684","6.792236992623657","0.7658640681127462","6.409749970771372","6.8767499178647995","19333.887497166546","0.6.1","1.5.2","multi_batch"
"adult","rf","eqodds","789","256","10.157649987377226","11.275798995047808","3.330045468771794","9.973099920898676","10.548299876973033","25202.679785002212","0.6.1","1.5.2","multi_batch"
"adult","rf","eqodds","789","1024","25.575149920769036","28.334780987352133","9.231278568777208","24.86644999589771","26.452549966052175","40038.865976243265","0.6.1","1.5.2","multi_batch"
"adult","lr","baseline","1024","1","0.09320001117885113","0.10556099703535438","0.0302420886278461","0.09289989247918129","0.09380001574754715","10729.612446944848","0.6.1","1.5.2","multi_batch"
"adult","lr","baseline","1024","32","0.10259996633976698","0.11380899464711547","0.030461091142482785","0.10229996405541897","0.10289996862411499","311890.9405294516","0.6.1","1.5.2","multi_batch"
"adult","lr","baseline","1024","128","0.21984998602420092","0.23339499020949006","0.05734646338072026","0.20950008183717728","0.23039989173412323","582215.1837021717","0.6.1","1.5.2","multi_batch"
"adult","lr","baseline","1024","256","0.24005002342164516","0.25888799922540784","0.050980099702567956","0.2336424746317789","0.2562999725341797","1066444.386678267","0.6.1","1.5.2","multi_batch"
"adult","lr","baseline","1024","1024","0.416700029745698","0.43606600258499384","0.07695434654617223","0.4070999566465616","0.4317001439630985","2457403.232308197","0.6.1","1.5.2","multi_batch"
"adult","lr","reweighing","1024","1","0.09324995335191488","0.09349498897790909","0.0011173993303849443","0.09310012683272362","0.0935499556362629","10723.865954400128","0.6.1","1.5.2","multi_batch"
"adult","lr","reweighing","1024","32","0.10149995796382427","0.10211901506409049","0.004762231123256528","0.1012999564409256","0.10169995948672295","315271.0665299503","0.6.1","1.5.2","multi_batch"
"adult","lr","reweighing","1024","128","0.18734997138381004","0.19498999463394284","0.03068425907308727","0.18510001245886087","0.19060255435761064","683213.3416117575","0.6.1","1.5.2","multi_batch"
"adult","lr","reweighing","1024","256","0.21670002024620771","0.22611998487263918","0.03842756866422022","0.21190010011196136","0.22109993733465672","1181356.6039778902","0.6.1","1.5.2","multi_batch"
"adult","lr","reweighing","1024","1024","0.33864995930343866","0.3620339883491397","0.07062229039727777","0.3361999988555908","0.3431999357417226","3023771.2182403393","0.6.1","1.5.2","multi_batch"
"adult","lr","dir","1024","1","1.6706000315025449","1.7842689994722605","0.39102625565276644","1.5614000149071217","1.7200000584125519","598.5873226044391","0.6.1","1.5.2","multi_batch"
"adult","lr","dir","1024","32","2.7131499955430627","3.0716300080530345","0.703379454189097","2.6510138530284166","2.773999935016036","11794.408732494312","0.6.1","1.5.2","multi_batch"
"adult","lr","dir","1024","128","3.8482501404359937","4.458485001232475","1.8013248776887913","3.608450060710311","4.1247999761253595","33261.871065766536","0.6.1","1.5.2","multi_batch"
"adult","lr","dir","1024","256","3.6264500813558698","3.879996007308364","0.5944490460158273","3.608600003644824","3.669999889098108","70592.45109042997","0.6.1","1.5.2","multi_batch"
"adult","lr","dir","1024","1024","6.800050032325089","7.777444985695183","2.960965718172352","6.564024981344119","7.032499881461263","150587.12731998408","0.6.1","1.5.2","multi_batch"
"adult","lr","eqodds","1024","1","0.15974999405443668","0.18619699170812964","0.059644490410243445","0.15614985022693872","0.16729999333620071","6259.781140644289","0.6.1","1.5.2","multi_batch"
"adult","lr","eqodds","1024","32","0.17440004739910364","0.2030429895967245","0.06718744309578928","0.17319992184638977","0.17580005805939436","183486.1886635271","0.6.1","1.5.2","multi_batch"
"adult","lr","eqodds","1024","128","0.38465007673949003","0.39783500600606203","0.09996022417542347","0.3534499555826187","0.3972998820245266","332769.9843062553","0.6.1","1.5.2","multi_batch"
"adult","lr","eqodds","1024","256","0.584850087761879","0.7284490065649152","0.4515991199432077","0.5525500746443868","0.6168000400066376","437719.0075830682","0.6.1","1.5.2","multi_batch"
"adult","lr","eqodds","1024","1024","1.2457501143217087","1.5624609938822687","0.8531200454821698","1.172900083474815","1.3748499331995845","821994.706825736","0.6.1","1.5.2","multi_batch"
"adult","rf","baseline","1024","1","1.9390999805182219","2.0959790027700365","0.341029420967743","1.916100038215518","1.995299942791462","515.7031664415526","0.6.1","1.5.2","multi_batch"
"adult","rf","baseline","1024","32","5.046500009484589","5.955081998836249","4.264612392295569","4.487300058826804","5.472199991345406","6341.028423631814","0.6.1","1.5.2","multi_batch"
"adult","rf","baseline","1024","128","6.4613999566063285","7.101856998633593","1.883948039486928","6.211600033566356","6.674020059290341","19809.948441456403","0.6.1","1.5.2","multi_batch"
"adult","rf","baseline","1024","256","9.802299900911748","10.74047900736332","3.318310904469066","9.44519997574389","10.183400008827448","26116.31990326969","0.6.1","1.5.2","multi_batch"
"adult","rf","baseline","1024","1024","29.13880010601133","53.17995000164956","62.24638938638702","25.97335004247725","31.64379997178912","35142.147112253566","0.6.1","1.5.2","multi_batch"
"adult","rf","reweighing","1024","1","3.870900021865964","4.551826021634042","2.6931362966630585","2.7534000109881163","4.459950025193393","258.3378527864822","0.6.1","1.5.2","multi_batch"
"adult","rf","reweighing","1024","32","5.362150026485324","5.747761991806328","1.7413127972156537","4.987450083717704","5.919228767743333","5967.755441742969","0.6.1","1.5.2","multi_batch"
"adult","rf","reweighing","1024","128","12.91629986371845","30.384723984170705","60.86245355313497","11.41365495568607","15.296199941076338","9909.958838873714","0.6.1","1.5.2","multi_batch"
"adult","rf","reweighing","1024","256","12.114499928429723","13.48302599741146","3.1650343835164976","11.870200047269464","12.448549969121814","21131.70180464747","0.6.1","1.5.2","multi_batch"
"adult","rf","reweighing","1024","1024","36.77189990412444","42.239211013074964","16.112922942124914","35.39880004245788","40.28095002286136","27847.350902996048","0.6.1","1.5.2","multi_batch"
"adult","rf","dir","1024","1","16.94404997397214","18.175358986482024","6.660215330242637","14.962100191041827","18.33459991030395","59.01776738950287","0.6.1","1.5.2","multi_batch"
"adult","rf","dir","1024","32","19.41414992325008","24.128762986510992","11.1806763488977","18.318100017495453","21.775800036266446","1648.2823160687199","0.6.1","1.5.2","multi_batch"
"adult","rf","dir","1024","128","29.322550049982965","32.82023699954152","15.147117429583727","24.549499968998134","32.16344252286944","4365.241078344561","0.6.1","1.5.2","multi_batch"
"adult","rf","dir","1024","256","65.35734992939979","69.97939499793574","30.457078657420514","55.64895004499704","72.0465499907732","3916.9274806358567","0.6.1","1.5.2","multi_batch"
"adult","rf","dir","1024","1024","64.18220000341535","78.36825900478289","33.754005703638974","59.84544986858964","70.21769997663796","15954.579306186288","0.6.1","1.5.2","multi_batch"
"adult","rf","eqodds","1024","1","7.0547000505030155","7.180213006213307","2.5906030144637273","6.3090999610722065","7.425324962241575","141.74947096846418","0.6.1","1.5.2","multi_batch"
"adult","rf","eqodds","1024","32","14.975200057961047","14.016791004687548","4.706260282443073","13.35690007545054","15.5314999865368","2136.8662773215046","0.6.1","1.5.2","multi_batch"
"adult","rf","eqodds","1024","128","20.207849913276732","24.853532987181097","12.88321456521017","18.53674987796694","23.61734991427511","6334.172143465045","0.6.1","1.5.2","multi_batch"
"adult","rf","eqodds","1024","256","18.10500002466142","22.018871000036597","11.752937773686094","16.506799962371588","19.470950006507337","14139.740383943325","0.6.1","1.5.2","multi_batch"
"adult","rf","eqodds","1024","1024","34.093550173565745","43.45233801519498","28.242940825903965","33.30060001462698","34.90981105132959","30035.00646858282","0.6.1","1.5.2","multi_batch"
"adult","lr","baseline","2048","1","0.15920004807412624","0.18135601421818137","0.1079632856341852","0.1517999917268753","0.17000013031065464","6281.405138360154","0.6.1","1.5.2","multi_batch"
"adult","lr","baseline","2048","32","0.18690002616494894","0.21296899067237973","0.10052661697688374","0.1792501425370574","0.19295001402497292","171214.5292679539","0.6.1","1.5.2","multi_batch"
"adult","lr","baseline","2048","128","0.3119000466540456","0.3198710083961487","0.06692993177622442","0.30375004280358553","0.3223538165912032","410387.88346824294","0.6.1","1.5.2","multi_batch"
"adult","lr","baseline","2048","256","0.3638999769464135","0.39116900181397796","0.13598957899343606","0.35075005143880844","0.3740098240086808","703490.0143390159","0.6.1","1.5.2","multi_batch"
"adult","lr","baseline","2048","1024","0.6497000576928258","0.6764200027100742","0.15052221994640627","0.6324000423774123","0.6699999794363976","1576111.9117587348","0.6.1","1.5.2","multi_batch"
"adult","lr","reweighing","2048","1","0.17150002531707287","0.19138299161568284","0.06441284977777693","0.16784993931651115","0.18119998276233673","5830.902929321316","0.6.1","1.5.2","multi_batch"
"adult","lr","reweighing","2048","32","0.17719995230436325","0.1866279961541295","0.06988627631963878","0.1697388186585158","0.18244993407279253","180586.95605648903","0.6.1","1.5.2","multi_batch"
"adult","lr","reweighing","2048","128","0.3205499378964305","0.35014697816222906","0.2652440708849006","0.30734995380043983","0.3273011796409264","399313.75697647687","0.6.1","1.5.2","multi_batch"
"adult","lr","reweighing","2048","256","0.37649995647370815","0.40988198947161436","0.13246949001442715","0.36539998836815357","0.3870550950523466","679946.9577571573","0.6.1","1.5.2","multi_batch"
"adult","lr","reweighing","2048","1024","0.6134000141173601","0.6507080094888806","0.1776496801184746","0.5945998709648848","0.6302099121967331","1669383.724213741","0.6.1","1.5.2","multi_batch"
"adult","lr","dir","2048","1","3.3374999184161425","3.2623929996043444","0.5764931609692141","3.2211001962423325","3.395449835807085","299.6254754890194","0.6.1","1.5.2","multi_batch"
"adult","lr","dir","2048","32","5.2931500831618905","5.250269994139671","0.9450425747821602","5.184700014069676","5.469449912197888","6045.549341552892","0.6.1","1.5.2","multi_batch"
"adult","lr","dir","2048","128","5.24244992993772","6.00047399289906","4.734242124737725","4.841299960389733","5.703749950043857","24416.065334079525","0.6.1","1.5.2","multi_batch"
"adult","lr","dir","2048","256","6.750899949111044","7.572244002949446","4.672426164118078","6.538250017911196","7.020181327243335","37920.87009580256","0.6.1","1.5.2","multi_batch"
"adult","lr","dir","2048","1024","10.810699895955622","10.33649698831141","1.5665276529700398","10.267199948430061","10.962549946270883","94720.97180156554","0.6.1","1.5.2","multi_batch"
"adult","lr","eqodds","2048","1","0.25399995502084494","0.2554839849472046","0.0769014407133173","0.2492999192327261","0.2576000988483429","3937.0085711941692","0.6.1","1.5.2","multi_batch"
"adult","lr","eqodds","2048","32","0.2899999963119626","0.3099919995293021","0.08200124666976795","0.2873000892577693","0.29380014166235924","110344.82898950294","0.6.1","1.5.2","multi_batch"
"adult","lr","eqodds","2048","128","0.5769500276073813","0.9723400068469346","1.0242962734138334","0.5094487336464226","0.6340412452118467","221856.30275609402","0.6.1","1.5.2","multi_batch"
"adult","lr","eqodds","2048","256","0.7740999571979046","1.2975680083036423","1.0840018300145382","0.7054000161588192","0.9121925773797547","330706.64533643896","0.6.1","1.5.2","multi_batch"
"adult","lr","eqodds","2048","1024","1.4245499623939395","1.6989210015162826","0.9114036790444451","1.3641499681398273","1.5097000868991017","718823.5070949565","0.6.1","1.5.2","multi_batch"
"adult","rf","baseline","2048","1","3.488750080578029","3.4480429883114994","0.5695645392508824","3.39740002527833","3.572650020942092","286.6356078548098","0.6.1","1.5.2","multi_batch"
"adult","rf","baseline","2048","32","8.242049952968955","9.41707999445498","5.725649888659349","7.900276276632212","8.665012352867048","3882.5292472867077","0.6.1","1.5.2","multi_batch"
"adult","rf","baseline","2048","128","29.38899991568178","34.075897003058344","22.98675084549892","23.4407512267353","34.458399983122945","4355.371069694006","0.6.1","1.5.2","multi_batch"
"adult","rf","baseline","2048","256","21.337650017812848","28.140897005796432","22.413878268800143","20.067045008181594","23.88574997894466","11997.57235620085","0.6.1","1.5.2","multi_batch"
"adult","rf","baseline","2048","1024","32.87959983572364","33.19522299570963","4.488416539971064","32.03390003181994","33.65360002499074","31143.931346981462","0.6.1","1.5.2","multi_batch"
"adult","rf","reweighing","2048","1","5.13005000539124","6.0338840004988015","3.4954160852316267","4.911245085531846","5.381100112572312","194.92987377298198","0.6.1","1.5.2","multi_batch"
"adult","rf","reweighing","2048","32","8.17110005300492","8.627723988611251","1.7212933463752478","7.920400006696582","8.576099993661046","3916.2413619243357","0.6.1","1.5.2","multi_batch"
"adult","rf","reweighing","2048","128","16.220450052060187","17.592104009818286","6.994191424191153","15.294149983674288","17.056900076568127","7891.273028132934","0.6.1","1.5.2","multi_batch"
"adult","rf","reweighing","2048","256","17.41599990054965","18.31438099499792","2.824778605560069","17.063350067473948","17.712389945518225","14699.127323256394","0.6.1","1.5.2","multi_batch"
"adult","rf","reweighing","2048","1024","36.83214995544404","40.91836700215936","8.256639327662388","36.3217000849545","38.06164988782257","27801.798190948284","0.6.1","1.5.2","multi_batch"
"adult","rf","dir","2048","1","11.979500064626336","13.32103400491178","5.056540915476646","11.046899948269129","12.710049981251359","83.47593761052265","0.6.1","1.5.2","multi_batch"
"adult","rf","dir","2048","32","15.294650103896856","15.473776997532696","2.753047135059463","14.563899952918291","15.744300093501806","2092.2348522276334","0.6.1","1.5.2","multi_batch"
"adult","rf","dir","2048","128","19.899900071322918","20.68993500666693","2.6797716556326923","19.52040009200573","20.349300000816584","6432.193103545104","0.6.1","1.5.2","multi_batch"
"adult","rf","dir","2048","256","26.56379994004965","27.26724700536579","3.492640291337463","25.92359995469451","27.19639998394996","9637.175425870999","0.6.1","1.5.2","multi_batch"
"adult","rf","dir","2048","1024","43.01454988308251","42.79789898311719","4.567410844922877","41.364099946804345","44.344000052660704","23805.898301466037","0.6.1","1.5.2","multi_batch"
"adult","rf","eqodds","2048","1","3.940099966712296","3.8571639987640083","0.7999388369200979","3.674349980428815","4.095699987374246","253.80066710196226","0.6.1","1.5.2","multi_batch"
"adult","rf","eqodds","2048","32","7.29099998716265","7.229994984809309","0.9385067031305174","7.095149951055646","7.444099988788366","4388.972713803701","0.6.1","1.5.2","multi_batch"
"adult","rf","eqodds","2048","128","12.356499908491969","12.3720459965989","1.039345852355676","12.20819994341582","12.493050075136125","10358.920482978547","0.6.1","1.5.2","multi_batch"
"adult","rf","eqodds","2048","256","15.278700040653348","15.185889990534633","1.9333749711605748","14.669999945908785","16.00065000820905","16755.352177792538","0.6.1","1.5.2","multi_batch"
"adult","rf","eqodds","2048","1024","32.93965011835098","33.34491199813783","3.074607434987454","31.990099931135774","33.94357376673724","31087.15473056953","0.6.1","1.5.2","multi_batch"
"adult","lr","baseline","4096","1","0.15744997654110193","0.15719698974862695","0.020837233480114636","0.1542000100016594","0.15970005188137293","6351.223556638336","0.6.1","1.5.2","multi_batch"
"adult","lr","baseline","4096","32","0.17034995835274458","0.17277299659326673","0.016826009644811103","0.16900000628083944","0.1713000237941742","187848.59303421387","0.6.1","1.5.2","multi_batch"
"adult","lr","baseline","4096","128","0.266650109551847","0.26607200503349304","0.06509067954948825","0.24610012769699097","0.2828999422490597","480029.8046572222","0.6.1","1.5.2","multi_batch"
"adult","lr","baseline","4096","256","0.29429991263896227","0.30335999792441726","0.0966923678394444","0.24820002727210522","0.32470502774231136","869860.9445870024","0.6.1","1.5.2","multi_batch"
"adult","lr","baseline","4096","1024","0.518849934451282","0.5186200025491416","0.09768538927155183","0.45810011215507984","0.5729999393224716","1973595.7008126972","0.6.1","1.5.2","multi_batch"
"adult","lr","reweighing","4096","1","0.13645004946738482","0.1434029988013208","0.04558431346146719","0.1327000791206956","0.14110377524048087","7328.689171629993","0.6.1","1.5.2","multi_batch"
"adult","lr","reweighing","4096","32","0.16575015615671873","0.16459200996905565","0.03286801339379027","0.16445002984255552","0.1675998792052269","193061.6582330313","0.6.1","1.5.2","multi_batch"
"adult","lr","reweighing","4096","128","0.26180013082921505","0.26218599174171686","0.04096913376253234","0.2530498895794153","0.2720612828852608","488922.59753491345","0.6.1","1.5.2","multi_batch"
"adult","lr","reweighing","4096","256","0.29180001001805067","0.2936040051281452","0.04618558842823178","0.2747999969869852","0.3053499385714531","877313.1981186838","0.6.1","1.5.2","multi_batch"
"adult","lr","reweighing","4096","1024","0.46449992805719376","0.5069980048574507","0.09474096159894971","0.4496762965572998","0.4953499883413315","2204521.331753393","0.6.1","1.5.2","multi_batch"
"adult","lr","dir","4096","1","1.8495501717552543","2.008343997877091","0.4044667147880778","1.7452999018132687","1.8915500259026885","540.6720051562501","0.6.1","1.5.2","multi_batch"
"adult","lr","dir","4096","32","3.0878999968990684","3.4119769860990345","0.7068372435112088","3.0560001032426953","3.2221998553723097","10363.029901271106","0.6.1","1.5.2","multi_batch"
"adult","lr","dir","4096","128","3.6332999588921666","3.8684419938363135","0.7875406872436892","3.504200140014291","3.782999934628606","35229.681404842944","0.6.1","1.5.2","multi_batch"
"adult","lr","dir","4096","256","5.245600012131035","5.35011398838833","1.1840824746524437","4.761172438156791","5.727400071918964","48802.80604849234","0.6.1","1.5.2","multi_batch"
"adult","lr","dir","4096","1024","8.662800071761012","9.142901008017361","1.8970628437613872","8.180799894034863","9.139801227138376","118206.58349694971","0.6.1","1.5.2","multi_batch"
"adult","lr","eqodds","4096","1","0.195050030015409","0.25590401142835617","0.10232786242758271","0.19240006804466248","0.2048613532679155","5126.88975193185","0.6.1","1.5.2","multi_batch"
"adult","lr","eqodds","4096","32","0.21624995861202478","0.26095699053257704","0.09960230937387408","0.2140500582754612","0.2198498696088791","147976.90693394013","0.6.1","1.5.2","multi_batch"
"adult","lr","eqodds","4096","128","0.38730003871023655","0.4318319959565997","0.09998636139805883","0.3750000614672899","0.4150001332163811","330493.1247263955","0.6.1","1.5.2","multi_batch"
"adult","lr","eqodds","4096","256","0.5463999696075916","0.5799570120871067","0.14540227920089888","0.505700008943677","0.5821363709401337","468521.2559287872","0.6.1","1.5.2","multi_batch"
"adult","lr","eqodds","4096","1024","1.0824000928550959","1.1983610154129565","0.2963818766443209","1.0369999799877405","1.184699940495193","946045.7429368366","0.6.1","1.5.2","multi_batch"
"adult","rf","baseline","4096","1","2.7351999888196588","2.9779190034605563","0.8842087222760416","2.3509999737143517","3.2264001201838255","365.60397926571267","0.6.1","1.5.2","multi_batch"
"adult","rf","baseline","4096","32","5.214549950323999","5.071297995746136","0.7957699994553414","4.819175024749711","5.404172555427067","6136.675322864962","0.6.1","1.5.2","multi_batch"
"adult","rf","baseline","4096","128","7.321299985051155","7.49623401556164","1.2427190694393344","6.931450101546943","7.590983746922573","17483.233887609324","0.6.1","1.5.2","multi_batch"
"adult","rf","baseline","4096","256","10.37679985165596","10.69193399976939","1.6918063161728865","10.052750003524125","10.772600071504712","24670.41897884797","0.6.1","1.5.2","multi_batch"
"adult","rf","baseline","4096","1024","24.590449989773333","25.297921998426318","3.0258110044476165","24.19889997690916","25.057899998500943","41642.182246598204","0.6.1","1.5.2","multi_batch"
"adult","rf","reweighing","4096","1","3.1932999845594168","3.169146995060146","0.5895630935513453","2.9770999681204557","3.492149990051985","313.15567119760317","0.6.1","1.5.2","multi_batch"
"adult","rf","reweighing","4096","32","4.595850012265146","5.032429015263915","1.6954861288384189","4.38580010086298","4.861250170506537","6962.803380136471","0.6.1","1.5.2","multi_batch"
"adult","rf","reweighing","4096","128","7.319650030694902","7.6316599966958165","1.1920148336236525","7.127600023522973","7.433119905181229","17487.174859895335","0.6.1","1.5.2","multi_batch"
"adult","rf","reweighing","4096","256","10.581349954009056","10.765743001829833","1.1370115246741488","10.36315003875643","10.839599883183837","24193.51038503427","0.6.1","1.5.2","multi_batch"
"adult","rf","reweighing","4096","1024","27.954649995081127","27.738909993786365","2.9234745341577866","27.14194997679442","28.87551127059851","36630.757322312464","0.6.1","1.5.2","multi_batch"
"adult","rf","dir","4096","1","3.804650157690048","4.06916701933369","0.9207246562509036","3.475842482293956","4.0628500282764435","262.8362552543173","0.6.1","1.5.2","multi_batch"
"adult","rf","dir","4096","32","9.322149911895394","8.970027996692806","1.511108367155485","8.849849924445152","9.641499957069755","3432.6845526445422","0.6.1","1.5.2","multi_batch"
"adult","rf","dir","4096","128","13.01859994418919","13.282461997587234","2.1861573032329553","12.280502531211823","13.556000078096986","9832.086441609443","0.6.1","1.5.2","multi_batch"
"adult","rf","dir","4096","256","13.495950028300285","14.453492008615285","2.5964682328749844","13.158020074479282","13.894400093704462","18968.65351925442","0.6.1","1.5.2","multi_batch"
"adult","rf","dir","4096","1024","27.70265005528927","28.581201012711972","2.166237539879688","27.455849922262132","28.15799997188151","36963.972686955545","0.6.1","1.5.2","multi_batch"
"adult","rf","eqodds","4096","1","3.099450026638806","3.2570629962719977","0.7720040647878028","2.9593000654131174","3.3448012254666537","322.63788459414155","0.6.1","1.5.2","multi_batch"
"adult","rf","eqodds","4096","32","4.049599985592067","5.145122017711401","3.164558241153512","3.9223501225933433","4.480900010094047","7902.015041942835","0.6.1","1.5.2","multi_batch"
"adult","rf","eqodds","4096","128","6.802999880164862","7.095034988597035","1.1003033627379775","6.507700076326728","7.114749983884394","18815.228907059467","0.6.1","1.5.2","multi_batch"
"adult","rf","eqodds","4096","256","10.477400035597384","11.666632001288235","3.725481224288027","10.059499880298972","10.958606281201353","24433.542589786568","0.6.1","1.5.2","multi_batch"
"adult","rf","eqodds","4096","1024","23.79415009636432","25.481526996009052","5.275747465436465","23.22109998203814","24.729000055231154","43035.78803415485","0.6.1","1.5.2","multi_batch"
"adult","lr","baseline","8192","1","0.09330001194030046","0.10198201285675168","0.026788065836447213","0.09300000965595245","0.09370001498609781","10718.112240327111","0.6.1","1.5.2","multi_batch"
"adult","lr","baseline","8192","32","0.10240008123219013","0.10898500448092818","0.02132618163854978","0.1020999625325203","0.10269996710121632","312499.7520992258","0.6.1","1.5.2","multi_batch"
"adult","lr","baseline","8192","128","0.19649986643344164","0.2150159957818687","0.04039420880374188","0.193099956959486","0.20560005214065313","651399.9338689429","0.6.1","1.5.2","multi_batch"
"adult","lr","baseline","8192","256","0.22785004694014788","0.2463559922762215","0.05013522683267589","0.22140005603432655","0.23460015654563904","1123545.9612051193","0.6.1","1.5.2","multi_batch"
"adult","lr","baseline","8192","1024","0.3753500059247017","0.4451270052231848","0.14622875568437504","0.36735006142407656","0.3921000752598047","2728120.377878515","0.6.1","1.5.2","multi_batch"
"adult","lr","reweighing","8192","1","0.09334995411336422","0.10720600374042988","0.03022606757852975","0.09320001117885113","0.09394995868206024","10712.378056293413","0.6.1","1.5.2","multi_batch"
"adult","lr","reweighing","8192","32","0.1021998468786478","0.11227599112316966","0.03251499681588578","0.10199984535574913","0.10240008123219013","313112.01510895445","0.6.1","1.5.2","multi_batch"
"adult","lr","reweighing","8192","128","0.18974998965859413","0.20505100023001432","0.04108220147172694","0.18530001398175955","0.1949999714270234","674571.8417708627","0.6.1","1.5.2","multi_batch"
"adult","lr","reweighing","8192","256","0.2161000156775117","0.23622500244528055","0.06184586053844261","0.21279249049257487","0.21870003547519445","1184636.6563065478","0.6.1","1.5.2","multi_batch"
"adult","lr","reweighing","8192","1024","0.39994996041059494","0.42625800240784883","0.07227921772202081","0.38810004480183125","0.4098499193787575","2560320.293440573","0.6.1","1.5.2","multi_batch"
"adult","lr","dir","8192","1","1.6666499432176352","1.7286570044234395","0.27730238494416654","1.5940999146550894","1.7000025225570425","600.0060205020615","0.6.1","1.5.2","multi_batch"
"adult","lr","dir","8192","32","2.762499963864684","3.138769001234323","0.7063418418582155","2.694200025871396","2.8503999346867204","11583.710558762368","0.6.1","1.5.2","multi_batch"
"adult","lr","dir","8192","128","3.4289000323042274","3.7929010088555515","1.0501336203316136","3.1271001789718866","3.672800026834011","37329.755546703345","0.6.1","1.5.2","multi_batch"
"adult","lr","dir","8192","256","3.688849974423647","4.089550995267928","0.812182948731421","3.6221499321982265","3.9242999628186226","69398.32245142957","0.6.1","1.5.2","multi_batch"
"adult","lr","dir","8192","1024","6.77990005351603","7.068789999466389","1.098350355291123","6.593900034204125","6.9200999569147825","151034.67483550255","0.6.1","1.5.2","multi_batch"
"adult","lr","eqodds","8192","1","0.23984990548342466","0.24430499179288745","0.018501379170392827","0.2385000669164583","0.2422998659312725","4169.274104921868","0.6.1","1.5.2","multi_batch"
"adult","lr","eqodds","8192","32","0.2795499749481678","0.28347600251436234","0.07282027113193269","0.2546999603509903","0.28799986466765404","114469.69367796658","0.6.1","1.5.2","multi_batch"
"adult","lr","eqodds","8192","128","0.30610000248998404","0.3284590132534504","0.06766018718075004","0.30200020410120487","0.3089499659836292","418163.9952916639","0.6.1","1.5.2","multi_batch"
"adult","lr","eqodds","8192","256","0.3789999755099416","0.40646199602633715","0.07510945370844833","0.37059991154819727","0.3856500843539834","675461.7850715002","0.6.1","1.5.2","multi_batch"
"adult","lr","eqodds","8192","1024","1.0104499524459243","1.1001509963534772","0.34573781161846334","0.9611326007870957","1.0563000105321407","1013409.9145843652","0.6.1","1.5.2","multi_batch"
"adult","rf","baseline","8192","1","2.066850080154836","2.3802490113303065","0.6945078222948147","1.982750021852553","2.1464000456035137","483.8280287485031","0.6.1","1.5.2","multi_batch"
"adult","rf","baseline","8192","32","3.026449936442077","3.1853140029124916","0.669533859690505","2.8870999813079834","3.1392001546919346","10573.444356267628","0.6.1","1.5.2","multi_batch"
"adult","rf","baseline","8192","128","6.354650133289397","6.723292001988739","1.1255505433032893","6.087700021453202","6.727400003001094","20142.729704261874","0.6.1","1.5.2","multi_batch"
"adult","rf","baseline","8192","256","10.276549961417913","10.43212998425588","1.8290114996368678","9.588324907235801","10.720200138166547","24911.084066259747","0.6.1","1.5.2","multi_batch"
"adult","rf","baseline","8192","1024","21.799199981614947","24.0227630129084","6.438150749566929","21.495499997399747","22.3861001431942","46974.20092772318","0.6.1","1.5.2","multi_batch"
"adult","rf","reweighing","8192","1","2.0441999658942223","2.3852700111456215","0.6147415800655052","1.99409993365407","2.16630008071661","489.1889329244541","0.6.1","1.5.2","multi_batch"
"adult","rf","reweighing","8192","32","2.979150041937828","3.0796969891525805","0.49966642364216945","2.7594000566750765","3.0580000020563602","10741.318681346163","0.6.1","1.5.2","multi_batch"
"adult","rf","reweighing","8192","128","5.94259996432811","6.292307993862778","0.8037853505916447","5.764300003647804","6.230700062587857","21539.393660746286","0.6.1","1.5.2","multi_batch"
"adult","rf","reweighing","8192","256","8.879750035703182","9.26617399789393","1.305228629172321","8.790799882262945","9.040349978022277","28829.640358195906","0.6.1","1.5.2","multi_batch"
"adult","rf","reweighing","8192","1024","21.81260008364916","24.185369990300387","4.3586676784870635","21.26164990477264","23.86954997200519","46945.34333701904","0.6.1","1.5.2","multi_batch"
"adult","rf","dir","8192","1","3.5113999620079994","3.6648730048909783","0.394644933864101","3.4622999373823404","3.591199987567961","284.78669784690334","0.6.1","1.5.2","multi_batch"
"adult","rf","dir","8192","32","7.004699902608991","7.237258004024625","1.2979186885661167","6.834800122305751","7.409200072288513","4568.361306682273","0.6.1","1.5.2","multi_batch"
"adult","rf","dir","8192","128","9.459749911911786","9.896257987711579","1.3615540527423011","9.32410010136664","9.728100034408271","13531.013102029417","0.6.1","1.5.2","multi_batch"
"adult","rf","dir","8192","256","15.993299894034863","16.83814500691369","3.343863378660358","15.590549912303686","16.33879984728992","16006.702912854287","0.6.1","1.5.2","multi_batch"
"adult","rf","dir","8192","1024","44.45269994903356","47.697553001344204","15.245871872698755","43.72149985283613","45.714000007137656","23035.721141214115","0.6.1","1.5.2","multi_batch"
"adult","rf","eqodds","8192","1","5.165099981240928","5.302957994863391","0.6076922812561542","5.10860001668334","5.280349985696375","193.60709446707506","0.6.1","1.5.2","multi_batch"
"adult","rf","eqodds","8192","32","7.268949993886054","7.366654004435986","0.7569709005849404","7.134000072255731","7.390500046312809","4402.286441221269","0.6.1","1.5.2","multi_batch"
"adult","rf","eqodds","8192","128","12.48475001193583","13.595106999855489","6.1321481846790045","12.347200186923146","12.595599982887506","10252.508050031263","0.6.1","1.5.2","multi_batch"
"adult","rf","eqodds","8192","256","16.80365006905049","17.125498997047544","1.4844776530333579","16.520599834620953","17.094850074499846","15234.78523701878","0.6.1","1.5.2","multi_batch"
"adult","rf","eqodds","8192","1024","36.22330003418028","36.99751500738785","3.109599746634048","35.59041380067356","36.96900000795722","28269.097487908453","0.6.1","1.5.2","multi_batch"
"adult","lr","baseline","16384","1","0.1687499461695552","0.18172899261116982","0.06066004436130974","0.16520009376108646","0.17169991042464972","5925.927816268624","0.6.1","1.5.2","multi_batch"
"adult","lr","baseline","16384","32","0.1898501068353653","0.198353985324502","0.04481688380661102","0.1876999158412218","0.19275001250207424","168554.02682364485","0.6.1","1.5.2","multi_batch"
"adult","lr","baseline","16384","128","0.3219499485567212","0.34347999608144164","0.11662649958700495","0.3141501219943166","0.3331000916659832","397577.32707774895","0.6.1","1.5.2","multi_batch"
"adult","lr","baseline","16384","256","0.3624499076977372","0.3804600052535534","0.0729574924461604","0.35140011459589005","0.3814001102000475","706304.4977058998","0.6.1","1.5.2","multi_batch"
"adult","lr","baseline","16384","1024","0.634749885648489","0.6885529984720051","0.25385023637393805","0.6210999563336372","0.6486999336630106","1613233.847145692","0.6.1","1.5.2","multi_batch"
"adult","lr","reweighing","16384","1","0.14469993766397238","0.15331700211390853","0.04357417270065127","0.1362001057714224","0.15380000695586205","6910.853011714749","0.6.1","1.5.2","multi_batch"
"adult","lr","reweighing","16384","32","0.168150058016181","0.17280299915000796","0.062338569197137594","0.16080017667263746","0.17254985868930817","190306.20849931944","0.6.1","1.5.2","multi_batch"
"adult","lr","reweighing","16384","128","0.36414992064237595","1.5588609990663826","4.909671968813831","0.3323000855743885","0.4343001637607813","351503.5779060519","0.6.1","1.5.2","multi_batch"
"adult","lr","reweighing","16384","256","0.3469999646767974","0.3517129854299128","0.06396641708241455","0.3358786314493045","0.35799993202090263","737752.236483492","0.6.1","1.5.2","multi_batch"
"adult","lr","reweighing","16384","1024","0.5965500604361296","0.6152789993211627","0.1062716403339567","0.5841449659783393","0.6173687346745281","1716536.579095085","0.6.1","1.5.2","multi_batch"
"adult","lr","dir","16384","1","3.3618499292060733","3.5201299842447042","0.8407020342104797","3.2538000959903","3.5535049333702773","297.45527642757025","0.6.1","1.5.2","multi_batch"
"adult","lr","dir","16384","32","4.802600014954805","4.631481999531388","1.0444493293077435","4.517999943345785","5.0778500735759735","6663.057489767058","0.6.1","1.5.2","multi_batch"
"adult","lr","dir","16384","128","5.434350110590458","5.427210000343621","1.1929971772349948","5.212550167925656","5.75559982098639","23553.874409113556","0.6.1","1.5.2","multi_batch"
"adult","lr","dir","16384","256","6.433799979276955","5.997573006898165","1.304038292461298","5.947899888269603","6.719550001434982","39789.8599310776","0.6.1","1.5.2","multi_batch"
"adult","lr","dir","16384","1024","10.045049944892526","9.858592997770756","1.8000339983272637","9.384049917571247","10.467799962498248","101940.75744945995","0.6.1","1.5.2","multi_batch"
"adult","lr","eqodds","16384","1","0.2948000328615308","0.2679200074635446","0.07159406653836244","0.21980004385113716","0.3157999599352479","3392.1298796791707","0.6.1","1.5.2","multi_batch"
"adult","lr","eqodds","16384","32","0.23765000514686108","0.29766099993139505","0.09469341347671678","0.22740010172128677","0.3166000824421644","134651.795947679","0.6.1","1.5.2","multi_batch"
"adult","lr","eqodds","16384","128","0.5284500075504184","0.5184840015135705","0.11412790319942112","0.5013500340282917","0.548506120685488","242217.80333267906","0.6.1","1.5.2","multi_batch"
"adult","lr","eqodds","16384","256","0.6349000614136457","0.6199409952387214","0.10929011859794345","0.6055000703781843","0.6631062919041142","403213.0654232409","0.6.1","1.5.2","multi_batch"
"adult","lr","eqodds","16384","1024","1.6472999705001712","1.7459889990277588","0.6197785388750513","1.5941000310704112","1.7303000204265118","621623.2734400413","0.6.1","1.5.2","multi_batch"
"adult","rf","baseline","16384","1","5.389699945226312","6.142792007885873","2.30996181537749","4.952300107106566","5.758007566328157","185.5390856935748","0.6.1","1.5.2","multi_batch"
"adult","rf","baseline","16384","32","6.261350121349096","6.871168005745858","2.0775819303045555","6.102000130340457","6.678987477789629","5110.718835365998","0.6.1","1.5.2","multi_batch"
"adult","rf","baseline","16384","128","13.924849918112159","13.403043011203408","2.088142961517964","13.20130005478859","14.528450090438128","9192.199610963808","0.6.1","1.5.2","multi_batch"
"adult","rf","baseline","16384","256","9.774400037713349","10.72945399209857","2.335480437428655","9.33014985639602","10.915599996224046","26190.86583445068","0.6.1","1.5.2","multi_batch"
"adult","rf","baseline","16384","1024","33.037350163795054","33.22121801087633","7.750736382935024","31.85609995853156","34.69842250342481","30995.221920739285","0.6.1","1.5.2","multi_batch"
"adult","rf","reweighing","16384","1","2.6365499943494797","3.2469379995018244","1.3534643852444637","2.429000101983547","3.1769999768584967","379.28353421825847","0.6.1","1.5.2","multi_batch"
"adult","rf","reweighing","16384","32","4.1371999541297555","5.347744992468506","2.1766924222585597","3.873900044709444","4.619299899786711","7734.69988272082","0.6.1","1.5.2","multi_batch"
"adult","rf","reweighing","16384","128","9.511250187642872","10.005764022935182","2.605302056319647","9.195799939334393","10.148750036023557","13457.747138888124","0.6.1","1.5.2","multi_batch"
"adult","rf","reweighing","16384","256","11.196049978025258","12.29516000021249","3.160978691169773","10.667100083082914","11.919650016352534","22865.20697053488","0.6.1","1.5.2","multi_batch"
"adult","rf","reweighing","16384","1024","25.509099941700697","26.390231002587825","3.671184803019505","24.78430001065135","26.29955008160323","40142.53746076035","0.6.1","1.5.2","multi_batch"
"adult","rf","dir","16384","1","3.574299975298345","3.7914399965666234","0.5340170903021433","3.5112998448312283","3.692499827593565","279.7750627845752","0.6.1","1.5.2","multi_batch"
"adult","rf","dir","16384","32","6.86644995585084","7.491004995536059","1.731765998460484","6.677600089460611","7.178750121966004","4660.341254323581","0.6.1","1.5.2","multi_batch"
"adult","rf","dir","16384","128","9.56959999166429","10.043502012267709","1.3897476869253211","9.373500011861324","9.808599948883057","13375.689695650379","0.6.1","1.5.2","multi_batch"
"adult","rf","dir","16384","256","14.841550029814243","15.132376002147794","2.2068620964655117","14.274500077590346","15.445550088770688","17248.872219258632","0.6.1","1.5.2","multi_batch"
"adult","rf","dir","16384","1024","31.438050093129277","31.577139005530626","3.5293447917080214","30.232999939471483","32.08654990885407","32571.994667817937","0.6.1","1.5.2","multi_batch"
"adult","rf","eqodds","16384","1","4.396299947984517","4.195562009699643","1.1038530587911772","4.265650059096515","4.5146000338718295","227.4640065126698","0.6.1","1.5.2","multi_batch"
"adult","rf","eqodds","16384","32","3.7070499965921044","4.044765988364816","1.0241045067638304","3.5470998845994473","4.00930002797395","8632.200814506856","0.6.1","1.5.2","multi_batch"
"adult","rf","eqodds","16384","128","6.748400046490133","6.921853004023433","1.05017825296726","6.361299892887473","6.935700075700879","18967.458822565397","0.6.1","1.5.2","multi_batch"
"adult","rf","eqodds","16384","256","9.09089995548129","9.673591998871416","1.7299910000698244","8.91640002373606","9.415541286580265","28160.02829792959","0.6.1","1.5.2","multi_batch"
"adult","rf","eqodds","16384","1024","22.12149987462908","22.883870992809534","1.8954251753174356","21.829100092872977","22.7916999720037","46289.80881962778","0.6.1","1.5.2","multi_batch"
"adult","lr","baseline","32768","1","0.09395007509738207","0.0993339903652668","0.013912702794569744","0.09374995715916157","0.09430001955479383","10643.951044887086","0.6.1","1.5.2","multi_batch"
"adult","lr","baseline","32768","32","0.1025499077513814","0.1056249882094562","0.011235578138856199","0.10220007970929146","0.10289996862411499","312043.18659729796","0.6.1","1.5.2","multi_batch"
"adult","lr","baseline","32768","128","0.18440012354403734","0.19561100751161575","0.03880794070822626","0.18179998733103275","0.18674996681511402","694142.701967506","0.6.1","1.5.2","multi_batch"
"adult","lr","baseline","32768","256","0.21570001263171434","0.2272979891858995","0.03667116799335052","0.21195004228502512","0.2193001564592123","1186833.495634021","0.6.1","1.5.2","multi_batch"
"adult","lr","baseline","32768","1024","0.471399980597198","0.4736320162191987","0.06879131259548264","0.46469743247143924","0.4775499692186713","2172252.953219758","0.6.1","1.5.2","multi_batch"
"adult","lr","reweighing","32768","1","0.08389982394874096","0.08462199941277504","0.001931272275111987","0.08354999590665102","0.08455000352114439","11918.97614244048","0.6.1","1.5.2","multi_batch"
"adult","lr","reweighing","32768","32","0.0887999776750803","0.09058000519871712","0.005966709812609145","0.08859997615218163","0.08919998072087765","360360.4509574114","0.6.1","1.5.2","multi_batch"
"adult","lr","reweighing","32768","128","0.1723001478239894","0.18538400763645768","0.03913239101808258","0.16589873121120036","0.17525011207908392","742889.6702442558","0.6.1","1.5.2","multi_batch"
"adult","lr","reweighing","32768","256","0.21914986427873373","0.23540899623185396","0.04338885375939557","0.21659751946572214","0.22659997921437025","1168150.3926208098","0.6.1","1.5.2","multi_batch"
"adult","lr","reweighing","32768","1024","0.3496999852359295","0.39748798590153456","0.10080384178236393","0.34639984369277954","0.35460013896226883","2928224.315792137","0.6.1","1.5.2","multi_batch"
"adult","lr","dir","32768","1","1.6460000770166516","1.8800620129331946","0.42345035783511653","1.6304000746458769","1.7144999001175165","607.5333859111864","0.6.1","1.5.2","multi_batch"
"adult","lr","dir","32768","32","2.7057499391958117","2.982783995103091","0.6601339160588986","2.6756288105389103","2.729599829763174","11826.665700493691","0.6.1","1.5.2","multi_batch"
"adult","lr","dir","32768","128","5.517150042578578","5.204370997380465","1.19463310953842","4.75138122565113","6.021750043146312","23200.384077315397","0.6.1","1.5.2","multi_batch"
"adult","lr","dir","32768","256","5.751549964770675","5.534194000065327","1.099320993233378","5.18740015104413","5.987599957734346","44509.74112509639","0.6.1","1.5.2","multi_batch"
"adult","lr","dir","32768","1024","10.409300099126995","10.115943001583219","2.313283447382946","9.510899893939495","10.7471349358093","98373.56885175024","0.6.1","1.5.2","multi_batch"
"adult","lr","eqodds","32768","1","0.17230003140866756","0.17822700086981058","0.02457418113302836","0.1721000298857689","0.17250003293156624","5803.829470165117","0.6.1","1.5.2","multi_batch"
"adult","lr","eqodds","32768","32","0.19535014871507883","0.19885200075805187","0.02637395161151105","0.19509997218847275","0.19569997675716877","163808.42405537397","0.6.1","1.5.2","multi_batch"
"adult","lr","eqodds","32768","128","0.3204998793080449","0.3748920070938766","0.09660196596527171","0.3152000717818737","0.32759993337094784","399376.1254336518","0.6.1","1.5.2","multi_batch"
"adult","lr","eqodds","32768","256","0.3743498818948865","0.40605998830869794","0.10717720682702372","0.37070014514029026","0.3760501276701689","683852.225902083","0.6.1","1.5.2","multi_batch"
"adult","lr","eqodds","32768","1024","0.7979001384228468","0.8948680059984326","0.20289929633307774","0.7917000912129879","0.8068999741226435","1283368.6205695728","0.6.1","1.5.2","multi_batch"
"adult","rf","baseline","32768","1","2.780300099402666","2.892505005002022","0.9097479675565007","2.360306354239583","3.0555499251931906","359.67340367856156","0.6.1","1.5.2","multi_batch"
"adult","rf","baseline","32768","32","4.1365999495610595","4.6728469943627715","1.7999850150747299","3.770699957385659","4.42239991389215","7735.821783635511","0.6.1","1.5.2","multi_batch"
"adult","rf","baseline","32768","128","6.0903498670086265","6.722783993463963","2.044229552081864","5.956899840384722","6.419921354972757","21016.854991102384","0.6.1","1.5.2","multi_batch"
"adult","rf","baseline","32768","256","10.983899934217334","11.495308990124613","2.391281611752419","10.417349985800683","11.557399993762374","23306.840150874104","0.6.1","1.5.2","multi_batch"
"adult","rf","baseline","32768","1024","27.38580002915114","27.320422993507236","4.887798738907422","25.679949903860688","28.3050499856472","37391.64088359628","0.6.1","1.5.2","multi_batch"
"adult","rf","reweighing","32768","1","2.022800035774708","2.3164630006067455","0.5956741420730827","1.932899933308363","2.183849923312664","494.3642388344195","0.6.1","1.5.2","multi_batch"
"adult","rf","reweighing","32768","32","3.0800499953329563","3.1895780307240784","0.44912405212523193","2.956050098873675","3.1926999799907207","10389.441745584643","0.6.1","1.5.2","multi_batch"
"adult","rf","reweighing","32768","128","5.946699995547533","6.334519009105861","1.0207530637799926","5.725950002670288","6.238900125026703","21524.543039978023","0.6.1","1.5.2","multi_batch"
"adult","rf","reweighing","32768","256","9.093650034628808","9.281294995453209","1.0532580023314961","8.990123696275987","9.239449980668724","28151.512211834266","0.6.1","1.5.2","multi_batch"
"adult","rf","reweighing","32768","1024","21.625449997372925","22.62019898975268","2.302783627880987","21.216445026220754","22.186700021848083","47351.61581027892","0.6.1","1.5.2","multi_batch"
"adult","rf","dir","32768","1","5.350550054572523","5.146985002793372","1.2266053003076085","4.851100035011768","5.614949972368777","186.89667226744487","0.6.1","1.5.2","multi_batch"
"adult","rf","dir","32768","32","7.801300031132996","8.650936998892576","2.3088922865056922","7.404850097373128","8.259693774743933","4101.880439451908","0.6.1","1.5.2","multi_batch"
"adult","rf","dir","32768","128","11.095650028437376","11.875959008466452","2.1120563833616584","10.784500045701861","11.879864888032898","11536.052387372072","0.6.1","1.5.2","multi_batch"
"adult","rf","dir","32768","256","13.676300062797964","14.432041002437472","2.2801446218385526","13.08430009521544","14.33320005889982","18718.512962169265","0.6.1","1.5.2","multi_batch"
"adult","rf","dir","32768","1024","29.915899969637394","30.814233997371048","3.4659023059311855","29.352899873629212","30.91959367447998","34229.28947614113","0.6.1","1.5.2","multi_batch"
"adult","rf","eqodds","32768","1","2.053450094535947","2.4450819939374924","0.8388622255569783","2.0137999672442675","2.174300141632557","486.9852949730376","0.6.1","1.5.2","multi_batch"
"adult","rf","eqodds","32768","32","3.468999871984124","4.024290996603668","1.419724421708728","3.3352000173181295","3.6065999884158373","9224.560732456102","0.6.1","1.5.2","multi_batch"
"adult","rf","eqodds","32768","128","10.052950005047023","9.465077018830925","2.878207719660321","8.203850011341274","10.736700147390366","12732.580977299038","0.6.1","1.5.2","multi_batch"
"adult","rf","eqodds","32768","256","11.470000026747584","11.74795699538663","2.000355566344017","10.88550011627376","12.586800148710608","22319.093234787983","0.6.1","1.5.2","multi_batch"
"adult","rf","eqodds","32768","1024","31.231900095008314","32.40315600531176","9.116631910282333","28.901549987494946","32.4006100272527","32786.990124999225","0.6.1","1.5.2","multi_batch"
"compas","lr","baseline","42","1","0.09660003706812859","0.10085500311106443","0.023294179932681788","0.0958999153226614","0.09750016033649445","10351.962901367579","0.6.1","1.5.2","multi_batch"
"compas","lr","baseline","42","32","0.2574998652562499","0.2605890017002821","0.053585194918208956","0.24670001585036516","0.26389979757368565","124271.9096887889","0.6.1","1.5.2","multi_batch"
"compas","lr","baseline","42","128","0.2891999902203679","0.3069079900160432","0.05591581393114844","0.2804999239742756","0.30904996674507856","442600.29159221303","0.6.1","1.5.2","multi_batch"
"compas","lr","baseline","42","256","0.4137499490752816","0.49397100461646914","0.2324033207002304","0.3574499860405922","0.4645501554477957","618731.1939787597","0.6.1","1.5.2","multi_batch"
"compas","lr","baseline","42","1024","2.4951999075710773","2.982036010362208","1.5911549315939861","2.1122335427207872","2.725200029090047","410387.96005599434","0.6.1","1.5.2","multi_batch"
"compas","lr","reweighing","42","1","0.08935004007071257","0.10796499438583851","0.041996863891859616","0.08510006591677666","0.09379989933222532","11191.936782665005","0.6.1","1.5.2","multi_batch"
"compas","lr","reweighing","42","32","0.21520012523978949","0.2374120056629181","0.11437400212985842","0.19349996000528336","0.23375009186565876","148698.7982202315","0.6.1","1.5.2","multi_batch"
"compas","lr","reweighing","42","128","0.26614998932927847","0.28664400102570653","0.073768413741608","0.2515499945729971","0.2737013506703079","480931.8246548547","0.6.1","1.5.2","multi_batch"
"compas","lr","reweighing","42","256","0.3995499573647976","0.454587007407099","0.15150988852934608","0.37129991687834263","0.43080002069473267","640720.8792823536","0.6.1","1.5.2","multi_batch"
"compas","lr","reweighing","42","1024","2.391700050793588","2.995042996481061","1.6996400116111037","2.0721000619232655","2.6117500383406878","428147.33380142186","0.6.1","1.5.2","multi_batch"
"compas","lr","dir","42","1","7.141849957406521","7.418250979389995","1.2857864624936677","6.7882000003010035","7.2725999634712934","140.01974361880016","0.6.1","1.5.2","multi_batch"
"compas","lr","dir","42","32","12.84389989450574","13.613087984267622","2.4055792519142036","12.441749917343259","13.553100056014955","2491.455108092886","0.6.1","1.5.2","multi_batch"
"compas","lr","dir","42","128","15.570899937301874","16.312484999652952","3.213129425334952","15.176299959421158","15.949949971400201","8220.462562562703","0.6.1","1.5.2","multi_batch"
"compas","lr","dir","42","256","22.757250000722706","22.294891003984958","4.651669703502476","20.93210001476109","24.369300110265613","11249.162354496706","0.6.1","1.5.2","multi_batch"
"compas","lr","dir","42","1024","44.173649861477315","47.04414299922064","12.745320820672084","42.533300118520856","46.88295000232756","23181.24047279606","0.6.1","1.5.2","multi_batch"
"compas","lr","eqodds","42","1","0.2856000792235136","0.2858699928037822","0.0931939838504095","0.27860002592206","0.29530003666877747","3501.3995889594607","0.6.1","1.5.2","multi_batch"
"compas","lr","eqodds","42","32","0.38650003261864185","0.40063299238681793","0.08737430363499904","0.362799852155149","0.4154000198468566","82794.30090391294","0.6.1","1.5.2","multi_batch"
"compas","lr","eqodds","42","128","0.4390999674797058","0.48576401313766837","0.12132971363439742","0.41728378273546696","0.4775499692186713","291505.3734453211","0.6.1","1.5.2","multi_batch"
"compas","lr","eqodds","42","256","0.8377499179914594","1.0210700053721666","0.552598995677987","0.7817998994141817","0.884300097823143","305580.4536678091","0.6.1","1.5.2","multi_batch"
"compas","lr","eqodds","42","1024","4.752950044348836","5.632432990241796","2.2913548069465515","4.139050026424229","5.331299966201186","215445.1425841338","0.6.1","1.5.2","multi_batch"
"compas","rf","baseline","42","1","2.1975000854581594","2.460610002744943","0.6581258090193381","2.0441000815480947","2.5544525065924955","455.06255340668565","0.6.1","1.5.2","multi_batch"
"compas","rf","baseline","42","32","3.397699911147356","4.3665209878236055","1.8211815387299026","3.2145498553290963","3.9866999723017216","9418.136044037523","0.6.1","1.5.2","multi_batch"
"compas","rf","baseline","42","128","7.1356999687850475","7.541403996292502","2.056560914836884","6.321670059696771","8.239399874582887","17937.973928266743","0.6.1","1.5.2","multi_batch"
"compas","rf","baseline","42","256","11.53385010547936","11.225103016477078","2.242540636103709","10.86459995713085","12.083700043149292","22195.537280164815","0.6.1","1.5.2","multi_batch"
"compas","rf","baseline","42","1024","28.44745002221316","28.8234769878909","7.261249410698705","26.386599987745285","29.761248704744503","35996.19646753613","0.6.1","1.5.2","multi_batch"
"compas","rf","reweighing","42","1","2.225249889306724","2.6323850150220096","0.9874275515634783","2.0039987575728446","2.6320001343265176","449.3877316005843","0.6.1","1.5.2","multi_batch"
"compas","rf","reweighing","42","32","3.8486000848934054","4.672088993247598","1.7954609270215744","3.5011499421671033","4.3741299508837965","8314.71165985964","0.6.1","1.5.2","multi_batch"
"compas","rf","reweighing","42","128","5.846099928021431","6.411733999848366","1.3915243367570873","5.657549947500229","6.2454999424517155","21894.93877558823","0.6.1","1.5.2","multi_batch"
"compas","rf","reweighing","42","256","11.447799974121153","11.116099983919412","2.2559702700868445","11.037700111046433","11.727199889719486","22362.37535410406","0.6.1","1.5.2","multi_batch"
"compas","rf","reweighing","42","1024","27.36960002221167","27.10553698707372","4.511839160281341","25.787599850445986","27.837399975396693","37413.77291480247","0.6.1","1.5.2","multi_batch"
"compas","rf","dir","42","1","12.289500096812844","13.000348000787199","2.875144728808187","11.93140004761517","13.003300060518086","81.37027479737274","0.6.1","1.5.2","multi_batch"
"compas","rf","dir","42","32","18.53210001718253","19.51675299089402","4.602254345016383","17.91679998859763","19.22208621690515","1726.7336119668223","0.6.1","1.5.2","multi_batch"
"compas","rf","dir","42","128","21.93390007596463","22.754105010535568","3.6973725382507245","20.86079982109368","22.702199988998473","5835.715470422134","0.6.1","1.5.2","multi_batch"
"compas","rf","dir","42","256","31.420700019225478","32.62561600655317","6.359444694951593","30.33869992941618","32.47360000386834","8147.4951176568475","0.6.1","1.5.2","multi_batch"
"compas","rf","dir","42","1024","48.09399996884167","50.22406499134377","5.78064075350199","47.492400044575334","49.635599832981825","21291.63722425691","0.6.1","1.5.2","multi_batch"
"compas","rf","eqodds","42","1","1.9814500119537115","2.189604982268065","0.4192347733820329","1.9602999091148376","2.0471999887377024","504.68091244653664","0.6.1","1.5.2","multi_batch"
"compas","rf","eqodds","42","32","5.2241499070078135","5.751487999223173","2.51729218913855","4.891249933280051","5.51749998703599","6125.398499203545","0.6.1","1.5.2","multi_batch"
"compas","rf","eqodds","42","128","7.797749945893884","8.480787000153214","2.797585777056648","7.242399966344237","8.191300090402365","16414.9916178579","0.6.1","1.5.2","multi_batch"
"compas","rf","eqodds","42","256","8.344999863766134","9.038596991449594","2.1308857663452567","8.144300198182464","8.61110002733767","30677.052627831454","0.6.1","1.5.2","multi_batch"
"compas","rf","eqodds","42","1024","21.818449953570962","22.708183007780463","2.2148871994278743","21.621299907565117","22.14250742108561","46932.75655140685","0.6.1","1.5.2","multi_batch"
"compas","lr","baseline","123","1","0.08469994645565748","0.09371400577947497","0.026197824598981782","0.08449982851743698","0.0850501237437129","11806.382906316532","0.6.1","1.5.2","multi_batch"
"compas","lr","baseline","123","32","0.1625498989596963","0.17908297246322036","0.04597743402234144","0.16060005873441696","0.16519997734576464","196862.62621383907","0.6.1","1.5.2","multi_batch"
"compas","lr","baseline","123","128","0.24314993061125278","0.2624079957604408","0.0642369908773611","0.2383999526500702","0.24540000595152378","526424.1683237242","0.6.1","1.5.2","multi_batch"
"compas","lr","baseline","123","256","0.3810499329119921","0.4161319858394563","0.08925796599293222","0.3682998940348625","0.3931000828742981","671827.9623975847","0.6.1","1.5.2","multi_batch"
"compas","lr","baseline","123","1024","1.5355999348685145","1.6524140047840774","0.2820289795304127","1.5252000885084271","1.549700042232871","666840.3512843857","0.6.1","1.5.2","multi_batch"
"compas","lr","reweighing","123","1","0.08415000047534704","0.08558900328353047","0.003495013811446733","0.08384999819099903","0.0844500056700781","11883.54122817818","0.6.1","1.5.2","multi_batch"
"compas","lr","reweighing","123","32","0.21989992819726467","0.21734199719503522","0.05376825381203142","0.19859988242387772","0.22369995713233948","145520.7387393683","0.6.1","1.5.2","multi_batch"
"compas","lr","reweighing","123","128","0.2553501399233937","0.3064510063268244","0.10807401020452201","0.25130005087703466","0.2608499489724636","501272.48819366464","0.6.1","1.5.2","multi_batch"
"compas","lr","reweighing","123","256","0.396750052459538","0.4266499960795045","0.09204646189143942","0.3928999649360776","0.4011997953057289","645242.5107772552","0.6.1","1.5.2","multi_batch"
"compas","lr","reweighing","123","1024","2.0261501194909215","2.1267829881981015","0.45832426477967975","1.9337499979883432","2.1206000819802284","505391.9697999891","0.6.1","1.5.2","multi_batch"
"compas","lr","dir","123","1","6.486349971964955","6.983596996869892","1.2507707801866628","6.331700016744435","6.852200021967292","154.16991132488386","0.6.1","1.5.2","multi_batch"
"compas","lr","dir","123","32","11.577449971809983","12.596363995689899","6.08145734152896","11.427600053139031","11.731449980288744","2763.9938050189835","0.6.1","1.5.2","multi_batch"
"compas","lr","dir","123","128","12.802349985577166","13.50589801557362","2.1090450383393287","12.617649976164103","12.921949964947999","9998.16441076848","0.6.1","1.5.2","multi_batch"
"compas","lr","dir","123","256","14.845850062556565","15.708651994355023","2.3088101043779","14.77916621370241","15.07572756090667","17243.876162111454","0.6.1","1.5.2","multi_batch"
"compas","lr","dir","123","1024","28.34804996382445","31.64066199446097","6.861610703327306","27.7195000089705","29.57879996392876","36122.41410985053","0.6.1","1.5.2","multi_batch"
"compas","lr","eqodds","123","1","0.21590013056993484","0.24409400532022119","0.06336755435063204","0.2148000057786703","0.22280125413089963","4631.771168272072","0.6.1","1.5.2","multi_batch"
"compas","lr","eqodds","123","32","0.34624990075826645","0.36040499806404114","0.043949806612857446","0.34209754376206547","0.35135130456183106","92418.79905213525","0.6.1","1.5.2","multi_batch"
"compas","lr","eqodds","123","128","0.5692000268027186","0.5639699916355312","0.19187339279385063","0.5274999421089888","0.5857001524418592","224877.00979038083","0.6.1","1.5.2","multi_batch"
"compas","lr","eqodds","123","256","0.5384000251069665","0.582377000246197","0.11868048884741786","0.5313999718055129","0.5423000548034906","475482.890159857","0.6.1","1.5.2","multi_batch"
"compas","lr","eqodds","123","1024","2.8265499277040362","3.7800449947826564","6.221037897825831","2.7848000172525644","2.9424000531435013","362279.1127669129","0.6.1","1.5.2","multi_batch"
"compas","rf","baseline","123","1","1.9357498968020082","2.058663011994213","0.2816093587456872","1.9211000762879848","2.0030763087561354","516.5956623074442","0.6.1","1.5.2","multi_batch"
"compas","rf","baseline","123","32","3.1244000419974327","3.4349609981290996","0.8382452701832056","3.0042413069168106","3.364100120961666","10241.966319889805","0.6.1","1.5.2","multi_batch"
"compas","rf","baseline","123","128","5.291799898259342","5.564381000585854","0.7671598814130136","5.0953000318259","5.52619993686676","24188.367372338413","0.6.1","1.5.2","multi_batch"
"compas","rf","baseline","123","256","7.7979001216590405","8.202697003725916","1.2369582296231503","7.646000012755394","8.117749937810004","32829.35097988082","0.6.1","1.5.2","multi_batch"
"compas","rf","baseline","123","1024","20.971900084987283","22.925978004932404","3.842782807152372","20.71985008660704","21.880700020119548","48827.24006171618","0.6.1","1.5.2","multi_batch"
"compas","rf","reweighing","123","1","2.105099963955581","2.251460012048483","0.434728138321861","2.0416986430063844","2.142100129276514","475.0368234869727","0.6.1","1.5.2","multi_batch"
"compas","rf","reweighing","123","32","2.921450068242848","2.992683998309076","0.35946628861315594","2.8089999686926603","3.019000170752406","10953.464633145999","0.6.1","1.5.2","multi_batch"
"compas","rf","reweighing","123","128","5.784549983218312","6.900895000435412","2.4912045467613035","5.621300078928471","6.1079999431967735","22127.90975466435","0.6.1","1.5.2","multi_batch"
"compas","rf","reweighing","123","256","8.09785001911223","9.198365991469473","2.404630016700005","7.81850004568696","9.251300012692809","31613.329389380982","0.6.1","1.5.2","multi_batch"
"compas","rf","reweighing","123","1024","21.5048500103876","22.22403700230643","1.6629243068355972","21.362400148063898","21.740399999544024","47617.16540712314","0.6.1","1.5.2","multi_batch"
"compas","rf","dir","123","1","8.693300071172416","9.217113999184221","1.6891124963078912","8.380099898204207","9.014399955049157","115.03111497509089","0.6.1","1.5.2","multi_batch"
"compas","rf","dir","123","32","15.280949883162975","15.910422990564257","1.8745667696258455","15.105150057934225","15.517899999395013","2094.1106570383163","0.6.1","1.5.2","multi_batch"
"compas","rf","dir","123","128","18.652049941010773","19.73054099129513","2.8362919616981626","18.254499998874962","19.19600006658584","6862.516474318616","0.6.1","1.5.2","multi_batch"
"compas","rf","dir","123","256","26.529650087468326","27.740680007264018","3.4157270133399242","25.87920008227229","27.535999892279506","9649.5807202872","0.6.1","1.5.2","multi_batch"
"compas","rf","dir","123","1024","49.93514996021986","52.69374699797481","7.7075284322717055","47.94494993984699","51.127800019457936","20506.59707271842","0.6.1","1.5.2","multi_batch"
"compas","rf","eqodds","123","1","2.03215004876256","2.2130620013922453","0.3853522768741904","2.0079000387340784","2.0911500323563814","492.08964692785923","0.6.1","1.5.2","multi_batch"
"compas","rf","eqodds","123","32","3.338899929076433","3.702067006379366","1.0364144046018426","3.2405501697212458","3.585000056773424","9583.994932382253","0.6.1","1.5.2","multi_batch"
"compas","rf","eqodds","123","128","5.3014501463621855","5.602126005105674","0.6333929310776688","5.241299979388714","5.533949937671423","24144.337203252326","0.6.1","1.5.2","multi_batch"
"compas","rf","eqodds","123","256","8.51984997279942","9.256096996832639","1.8760179128452492","8.227499900385737","8.845800068229437","30047.477457620593","0.6.1","1.5.2","multi_batch"
"compas","rf","eqodds","123","1024","27.063450077548623","29.318827006500214","7.781070721194856","26.407649973407388","28.427649987861514","37837.00884646237","0.6.1","1.5.2","multi_batch"
"compas","lr","baseline","256","1","0.10039994958788157","0.11783299967646599","0.04708150065782568","0.09859981946647167","0.10215126967523247","9960.164363675154","0.6.1","1.5.2","multi_batch"
"compas","lr","baseline","256","32","0.2179499715566635","0.25922200409695506","0.11670347079812282","0.2062499988824129","0.23419992066919804","146822.68490996573","0.6.1","1.5.2","multi_batch"
"compas","lr","baseline","256","128","0.34170004073530436","0.4037999943830073","0.2331714080456612","0.3225000109523535","0.3605000674724579","374597.55557698145","0.6.1","1.5.2","multi_batch"
"compas","lr","baseline","256","256","0.44260011054575443","0.5080540012568235","0.1393328206713792","0.4284000024199486","0.4780001472681761","578400.2170364023","0.6.1","1.5.2","multi_batch"
"compas","lr","baseline","256","1024","2.981149940751493","3.921747002750635","2.6651519278687665","2.750899991951883","3.0772138939937577","343491.61241513013","0.6.1","1.5.2","multi_batch"
"compas","lr","reweighing","256","1","0.09400001727044582","0.09450099430978298","0.002406325101255163","0.09380001574754715","0.09429990313947201","10638.295917786028","0.6.1","1.5.2","multi_batch"
"compas","lr","reweighing","256","32","0.25379995349794626","0.2617459977045655","0.049714642865622515","0.23955001961439848","0.2676001749932766","126083.55344028439","0.6.1","1.5.2","multi_batch"
"compas","lr","reweighing","256","128","0.4079499049112201","0.4538439982570708","0.1803267235737676","0.3760999534279108","0.43825001921504736","313764.01479455165","0.6.1","1.5.2","multi_batch"
"compas","lr","reweighing","256","256","0.5577000556513667","0.6650210102088749","0.3183839108308234","0.5367500707507133","0.6063999608159065","459028.105530677","0.6.1","1.5.2","multi_batch"
"compas","lr","reweighing","256","1024","2.0198000129312277","2.934710991103202","1.887044708175746","1.8239000346511602","2.4606999941170216","506980.88595114107","0.6.1","1.5.2","multi_batch"
"compas","lr","dir","256","1","10.311700054444373","11.089814016595483","4.58604934990729","8.923100074753165","11.184877561754544","96.97721953898349","0.6.1","1.5.2","multi_batch"
"compas","lr","dir","256","32","15.954799950122833","16.447728008497506","3.9289950813898664","13.93524999730289","16.85210014693439","2005.6660127382943","0.6.1","1.5.2","multi_batch"
"compas","lr","dir","256","128","15.595850069075823","16.722558992914855","3.5605671757076784","14.859199989587069","16.597600071690977","8207.311524096038","0.6.1","1.5.2","multi_batch"
"compas","lr","dir","256","256","19.919949932955205","20.403201004955918","4.532946377998585","18.081099959090352","21.55559998936951","12851.437923369387","0.6.1","1.5.2","multi_batch"
"compas","lr","dir","256","1024","28.381799929775298","30.661241982597858","4.941864140133508","27.799549978226423","29.87090009264648","36079.45946112189","0.6.1","1.5.2","multi_batch"
"compas","lr","eqodds","256","1","0.1564000267535448","0.18426300957798958","0.05781954975089299","0.15580002218484879","0.1579001545906067","6393.86079885907","0.6.1","1.5.2","multi_batch"
"compas","lr","eqodds","256","32","0.4376498982310295","0.5001899832859635","0.25314899653821604","0.4107999848201871","0.47910003922879696","73117.8051893608","0.6.1","1.5.2","multi_batch"
"compas","lr","eqodds","256","128","0.43919996824115515","0.4787649982608855","0.0949472053278895","0.4307499621063471","0.45419996604323387","291439.0010377186","0.6.1","1.5.2","multi_batch"
"compas","lr","eqodds","256","256","0.8700999896973372","0.986310001462698","0.35171884139814596","0.8173624402843416","0.9314038528827939","294219.0587647854","0.6.1","1.5.2","multi_batch"
"compas","lr","eqodds","256","1024","3.7400999572128057","3.9022639952600002","0.7948478954528739","3.517300123348832","4.001649911515415","273789.4740019474","0.6.1","1.5.2","multi_batch"
"compas","rf","baseline","256","1","3.8676499389111996","3.9048619917593896","1.1564760066706508","3.6768499994650483","4.260250017978251","258.55494054395075","0.6.1","1.5.2","multi_batch"
"compas","rf","baseline","256","32","5.429100012406707","6.190193998627365","2.2586138089881054","5.198200000450015","5.84800005890429","5894.162923297204","0.6.1","1.5.2","multi_batch"
"compas","rf","baseline","256","128","7.961449911817908","8.261877000331879","2.104478640161045","7.464597414946184","8.412100141867995","16077.473502659093","0.6.1","1.5.2","multi_batch"
"compas","rf","baseline","256","256","10.186500032432377","10.574382990598679","2.6598867156917576","9.614499984309077","10.623350040987134","25131.301152008262","0.6.1","1.5.2","multi_batch"
"compas","rf","baseline","256","1024","25.749400141648948","25.25455700000748","2.748541987310978","24.811499984934926","26.23824996408075","39767.91670357043","0.6.1","1.5.2","multi_batch"
"compas","rf","reweighing","256","1","2.8004999039694667","2.929678992368281","0.6714902972548267","2.5264500873163342","2.9946999857202172","357.0791052635233","0.6.1","1.5.2","multi_batch"
"compas","rf","reweighing","256","32","3.137050080113113","3.3401959855109453","0.7463068811474449","3.003499936312437","3.296599956229329","10200.665970511434","0.6.1","1.5.2","multi_batch"
"compas","rf","reweighing","256","128","6.473549990914762","6.680507997516543","1.2989354834650406","6.085925127263181","6.835599895566702","19772.76767455883","0.6.1","1.5.2","multi_batch"
"compas","rf","reweighing","256","256","7.934250170364976","8.306794986128807","1.3430046890627882","7.609600201249123","8.133800001814961","32265.17875075068","0.6.1","1.5.2","multi_batch"
"compas","rf","reweighing","256","1024","34.294449957087636","39.815341003704816","16.56097899356809","31.090900069102645","39.12395006045699","29859.058864665356","0.6.1","1.5.2","multi_batch"
"compas","rf","dir","256","1","10.79189998563379","11.6186060057953","2.436323476519277","10.028399992734194","12.56840000860393","92.66208928281424","0.6.1","1.5.2","multi_batch"
"compas","rf","dir","256","32","16.594049986451864","18.23880000738427","3.548187889300916","15.857500024139881","17.155235059908584","1928.4020492963593","0.6.1","1.5.2","multi_batch"
"compas","rf","dir","256","128","18.10724998358637","18.67425399599597","1.7841951285648638","18.00579996779561","18.29919987358153","7068.991708626534","0.6.1","1.5.2","multi_batch"
"compas","rf","dir","256","256","22.48340006917715","23.391971001401544","2.5261280792768144","22.355200024321675","22.69745001103729","11386.17821202917","0.6.1","1.5.2","multi_batch"
"compas","rf","dir","256","1024","47.445650096051395","53.23618101188913","11.410031257427194","46.235499903559685","50.04270002245903","21582.589719541458","0.6.1","1.5.2","multi_batch"
"compas","rf","eqodds","256","1","2.8745499439537525","3.8610359863378108","2.1209696499290986","2.6110500330105424","3.4896000288426876","347.88054460607714","0.6.1","1.5.2","multi_batch"
"compas","rf","eqodds","256","32","5.414549959823489","6.535988992545754","2.987724296523138","4.573300015181303","6.29679998382926","5910.001798384585","0.6.1","1.5.2","multi_batch"
"compas","rf","eqodds","256","128","12.82619999255985","11.841674009338021","3.8749216605885106","11.345699895173311","13.624399900436401","9979.573067178862","0.6.1","1.5.2","multi_batch"
"compas","rf","eqodds","256","256","8.692300063557923","9.604833007324487","2.971873853284078","8.335629967041314","8.914700010791421","29451.3532814253","0.6.1","1.5.2","multi_batch"
"compas","rf","eqodds","256","1024","22.234000032767653","22.932056998834014","2.026375755435287","21.883900044485927","22.350157488835976","46055.59046914034","0.6.1","1.5.2","multi_batch"
"compas","lr","baseline","789","1","0.08439994417130947","0.08641599677503109","0.007911500879318795","0.08410005830228329","0.08475012145936489","11848.34906964234","0.6.1","1.5.2","multi_batch"
"compas","lr","baseline","789","32","0.16579998191446066","0.1790419965982437","0.04321593459488222","0.16295001842081547","0.16799999866634607","193003.63987077758","0.6.1","1.5.2","multi_batch"
"compas","lr","baseline","789","128","0.3074000123888254","0.32815700164064765","0.0641338623234878","0.3029999788850546","0.32139988616108894","416395.55901544605","0.6.1","1.5.2","multi_batch"
"compas","lr","baseline","789","256","0.42195001151412725","0.45353699708357453","0.1124718711842312","0.3994000144302845","0.4681998398154974","606706.9392446951","0.6.1","1.5.2","multi_batch"
"compas","lr","baseline","789","1024","1.6895999433472753","1.9202130031771958","0.4765833949854519","1.6278499970212579","1.838400145061314","606060.6263819755","0.6.1","1.5.2","multi_batch"
"compas","lr","reweighing","789","1","0.08539995178580284","0.08738399483263493","0.004179695553329824","0.08529983460903168","0.08565012831240892","11709.608484418877","0.6.1","1.5.2","multi_batch"
"compas","lr","reweighing","789","32","0.21379999816417694","0.23759900592267513","0.09615296114580017","0.1810999820008874","0.22425001952797174","149672.59249191952","0.6.1","1.5.2","multi_batch"
"compas","lr","reweighing","789","128","0.3125999355688691","0.3351380070671439","0.08584040578344783","0.297000166028738","0.3247500862926245","409469.054326789","0.6.1","1.5.2","multi_batch"
"compas","lr","reweighing","789","256","0.4110999871045351","0.4514819825999439","0.11104373807920834","0.4018999170511961","0.4244048584951088","622719.5524939385","0.6.1","1.5.2","multi_batch"
"compas","lr","reweighing","789","1024","2.071750001050532","2.477501993998885","1.3842584239778064","1.9158999202772975","2.143450023140758","494268.1305566577","0.6.1","1.5.2","multi_batch"
"compas","lr","dir","789","1","6.720699951983988","7.109911993611604","1.314160459640693","6.43014631641563","6.985749816522002","148.79402549503706","0.6.1","1.5.2","multi_batch"
"compas","lr","dir","789","32","14.330999925732613","15.658199009485543","4.505534463321187","13.67605000268668","15.05275012459606","2232.921649977898","0.6.1","1.5.2","multi_batch"
"compas","lr","dir","789","128","21.732799941673875","24.364014009479433","10.044507170019786","20.95879998523742","22.616249974817038","5889.71510083948","0.6.1","1.5.2","multi_batch"
"compas","lr","dir","789","256","16.345600015483797","18.097546023782343","3.477338648638962","16.161350067704916","16.872300067916512","15661.707111240781","0.6.1","1.5.2","multi_batch"
"compas","lr","dir","789","1024","41.762399952858686","46.52335501043126","14.496615122259334","39.45485001895577","47.49369504861533","24519.66364854245","0.6.1","1.5.2","multi_batch"
"compas","lr","eqodds","789","1","0.2810000441968441","0.351925992872566","0.38724324601295085","0.2747998805716634","0.28959999326616526","3558.718301480007","0.6.1","1.5.2","multi_batch"
"compas","lr","eqodds","789","32","0.3928000805899501","0.4925630008801818","0.33768216464757345","0.37050002720206976","0.41690003126859665","81466.37839773073","0.6.1","1.5.2","multi_batch"
"compas","lr","eqodds","789","128","0.6302000256255269","0.7895339839160442","0.4851564108775009","0.5884498823434114","0.6873998790979385","203110.11551126034","0.6.1","1.5.2","multi_batch"
"compas","lr","eqodds","789","256","0.945050036534667","1.2992399954237044","0.9963876338138268","0.8987002074718475","0.9864000603556633","270885.12788032595","0.6.1","1.5.2","multi_batch"
"compas","lr","eqodds","789","1024","5.801400053314865","6.437205013353378","2.1794610963031174","5.376500077545643","6.16080011241138","176509.11686652194","0.6.1","1.5.2","multi_batch"
"compas","rf","baseline","789","1","3.8117499789223075","3.931712000630796","1.1153438909987254","3.659699927084148","3.943599993363023","262.3466926030466","0.6.1","1.5.2","multi_batch"
"compas","rf","baseline","789","32","6.112899980507791","7.214022991247475","2.5102004291105073","5.5142000783234835","8.276700042188168","5234.831275178462","0.6.1","1.5.2","multi_batch"
"compas","rf","baseline","789","128","7.382300100289285","7.387564985547215","1.276094542773374","7.270737335784361","7.565516114118507","17338.769524552943","0.6.1","1.5.2","multi_batch"
"compas","rf","baseline","789","256","13.825849979184568","13.557554986327887","4.948155558461734","10.8988001011312","14.995649922639132","18516.040632975142","0.6.1","1.5.2","multi_batch"
"compas","rf","baseline","789","1024","25.671000010333955","27.332307996694","7.352519342831856","23.2290499843657","28.020000085234642","39889.369311198825","0.6.1","1.5.2","multi_batch"
"compas","rf","reweighing","789","1","2.123849932104349","2.3116140044294298","0.5092729585206599","2.0677499705925584","2.1760999225080013","470.84305952312826","0.6.1","1.5.2","multi_batch"
"compas","rf","reweighing","789","32","3.278600051999092","3.9511999813839793","1.632885923532647","3.159899963065982","3.479400067590177","9760.263372315978","0.6.1","1.5.2","multi_batch"
"compas","rf","reweighing","789","128","6.678099860437214","7.667972992639989","2.6197865276898153","5.973299965262413","7.52114993520081","19167.128775402867","0.6.1","1.5.2","multi_batch"
"compas","rf","reweighing","789","256","7.8628999181091785","8.335374002344906","1.5708078383482649","7.6135999988764524","8.042400004342198","32557.962414147234","0.6.1","1.5.2","multi_batch"
"compas","rf","reweighing","789","1024","22.190149989910424","25.91700201155618","7.499842877527019","21.246150019578636","23.69270008057356","46146.60110299388","0.6.1","1.5.2","multi_batch"
"compas","rf","dir","789","1","15.217199921607971","15.672964993864298","5.111388398788079","14.374499907717109","15.944561120704746","65.71511218565445","0.6.1","1.5.2","multi_batch"
"compas","rf","dir","789","32","18.205999978818","19.228738006204367","3.3637788597905796","17.23233859811444","19.9068000074476","1757.6623111738331","0.6.1","1.5.2","multi_batch"
"compas","rf","dir","789","128","25.88649990502745","25.449083985295147","5.085376307330413","23.559499997645617","27.395999990403652","4944.66229384456","0.6.1","1.5.2","multi_batch"
"compas","rf","dir","789","256","28.739399975165725","29.463191002141684","5.741753147515262","27.744099963456392","29.519985095248554","8907.632038985315","0.6.1","1.5.2","multi_batch"
"compas","rf","dir","789","1024","47.71914996672422","50.10476798983291","5.645832538308784","46.9329000916332","49.609947536373504","21458.89020894256","0.6.1","1.5.2","multi_batch"
"compas","rf","eqodds","789","1","2.042699954472482","2.127341995947063","0.263971588440542","2.025499939918518","2.0565498853102326","489.54815797126963","0.6.1","1.5.2","multi_batch"
"compas","rf","eqodds","789","32","3.2263000030070543","3.4661600063554943","0.7253244620284055","3.0851000919938087","3.4340000711381435","9918.482462937292","0.6.1","1.5.2","multi_batch"
"compas","rf","eqodds","789","128","5.258399993181229","5.506766000762582","0.5052010868472053","5.220600171014667","5.3208001190796494","24342.005204241323","0.6.1","1.5.2","multi_batch"
"compas","rf","eqodds","789","256","8.921200060285628","9.259000993333757","1.4965500225412303","8.632145071169361","9.476799983531237","28695.69096871074","0.6.1","1.5.2","multi_batch"
"compas","rf","eqodds","789","1024","22.701399982906878","25.770600002724677","6.141769921518857","22.120322482078336","23.97801378974691","45107.35024143998","0.6.1","1.5.2","multi_batch"
"compas","lr","baseline","1024","1","0.08399994112551212","0.08430600166320801","0.0014120603234205956","0.08379993960261345","0.08430005982518196","11904.770248657758","0.6.1","1.5.2","multi_batch"
"compas","lr","baseline","1024","32","0.17885002307593822","0.215525992680341","0.07615302400983263","0.16639987006783485","0.20709994714707136","178920.86033678098","0.6.1","1.5.2","multi_batch"
"compas","lr","baseline","1024","128","0.33265003003180027","0.3381660021841526","0.056626484932755516","0.31640008091926575","0.3392499638721347","384788.7823360894","0.6.1","1.5.2","multi_batch"
"compas","lr","baseline","1024","256","0.4696500254794955","0.4829589859582484","0.1356875088033808","0.4390000831335783","0.4843499045819044","545086.7371690938","0.6.1","1.5.2","multi_batch"
"compas","lr","baseline","1024","1024","1.5313000185415149","1.91956797381863","1.245351641165688","1.493500079959631","1.6036250424804162","668712.850258637","0.6.1","1.5.2","multi_batch"
"compas","lr","reweighing","1024","1","0.08450006134808064","0.09193699574097991","0.02557470423773937","0.08430005982518196","0.08480006654281169","11834.310934766136","0.6.1","1.5.2","multi_batch"
"compas","lr","reweighing","1024","32","0.17499993555247784","0.18929400015622377","0.03859909270482365","0.1701499568298459","0.18214993178844452","182857.21019825205","0.6.1","1.5.2","multi_batch"
"compas","lr","reweighing","1024","128","0.2423499245196581","0.25857300497591496","0.0520470456004068","0.23965002037584782","0.24515006225556135","528161.9140327702","0.6.1","1.5.2","multi_batch"
"compas","lr","reweighing","1024","256","0.3469000803306699","0.3735329955816269","0.08496756922347598","0.34300005063414574","0.3510001115500927","737964.6604750778","0.6.1","1.5.2","multi_batch"
"compas","lr","reweighing","1024","1024","1.4891000464558601","1.6714439913630486","0.3550681758475624","1.4686000067740679","1.5496999258175492","687663.6680236337","0.6.1","1.5.2","multi_batch"
"compas","lr","dir","1024","1","6.417849916033447","6.7232469958253205","0.8977086746128815","6.316787519608624","6.624295029905624","155.81542309079896","0.6.1","1.5.2","multi_batch"
"compas","lr","dir","1024","32","11.470500030554831","11.951263006776571","1.6941858912434147","11.370400083251297","11.588099878281355","2789.7650420434334","0.6.1","1.5.2","multi_batch"
"compas","lr","dir","1024","128","12.952799908816814","14.09920999314636","2.7474236327586254","12.772599933668971","13.280600076541305","9882.033297902792","0.6.1","1.5.2","multi_batch"
"compas","lr","dir","1024","256","14.912800048477948","16.103486018255353","2.61341655879484","14.787400024943054","15.349658802733751","17166.46097096489","0.6.1","1.5.2","multi_batch"
"compas","lr","dir","1024","1024","34.28030002396554","35.467405007220805","8.08165249732268","30.893899966031313","36.837799940258265","29871.38383515069","0.6.1","1.5.2","multi_batch"
"compas","lr","eqodds","1024","1","0.15540001913905144","0.17462399322539568","0.05439894162548489","0.1546499552205205","0.1574999187141657","6435.00564247166","0.6.1","1.5.2","multi_batch"
"compas","lr","eqodds","1024","32","0.25610008742660284","0.2787629934027791","0.07359118547306336","0.2537985914386809","0.2596500562503934","124951.14828561337","0.6.1","1.5.2","multi_batch"
"compas","lr","eqodds","1024","128","0.383750069886446","0.43341800570487976","0.10968019407968808","0.3786500310525298","0.38970755413174624","333550.42785497336","0.6.1","1.5.2","multi_batch"
"compas","lr","eqodds","1024","256","0.5371499573811889","0.6111850077286363","0.2243320630344283","0.5313500296324492","0.5471500335261226","476589.44486954395","0.6.1","1.5.2","multi_batch"
"compas","lr","eqodds","1024","1024","3.804899984970689","4.153193994425237","0.84629808514246","3.690699813887477","3.9290348824579246","269126.653537488","0.6.1","1.5.2","multi_batch"
"compas","rf","baseline","1024","1","3.705000039190054","3.9097239961847663","1.4306946592966376","3.535500029101968","4.02624998241663","269.9055302084717","0.6.1","1.5.2","multi_batch"
"compas","rf","baseline","1024","32","3.151449956931174","3.3163469843566418","0.5553246817649","3.0572824965929613","3.2347500091418624","10154.05620819727","0.6.1","1.5.2","multi_batch"
"compas","rf","baseline","1024","128","7.172900019213557","8.263773992657661","3.767079939142356","6.387949921190739","8.252799976617098","17844.94411704264","0.6.1","1.5.2","multi_batch"
"compas","rf","baseline","1024","256","10.264800046570599","13.108785988297313","7.54053426660037","9.169449913315475","12.559436174342398","24939.599294535492","0.6.1","1.5.2","multi_batch"
"compas","rf","baseline","1024","1024","25.872499914839864","28.96753399632871","9.205957406258005","24.35500011779368","28.55960000306368","39578.7033866278","0.6.1","1.5.2","multi_batch"
"compas","rf","reweighing","1024","1","2.235950087197125","2.569571011699736","0.7018149361825474","2.160700038075447","2.400648751063272","447.2371748036424","0.6.1","1.5.2","multi_batch"
"compas","rf","reweighing","1024","32","3.0537499114871025","3.1516120000742376","0.5522258675635469","2.8782000299543142","3.135749837383628","10478.91966517218","0.6.1","1.5.2","multi_batch"
"compas","rf","reweighing","1024","128","6.217850022949278","6.874546993058175","1.8557122132412853","5.925999954342842","6.7818500101566315","20585.893761922303","0.6.1","1.5.2","multi_batch"
"compas","rf","reweighing","1024","256","10.968800052069128","10.656022999901325","2.271409824859079","9.657999966293573","11.528508758055978","23338.92483997908","0.6.1","1.5.2","multi_batch"
"compas","rf","reweighing","1024","1024","29.080399894155562","30.469585999380797","8.395848276277636","27.663299930281937","30.149600002914667","35212.72072347941","0.6.1","1.5.2","multi_batch"
"compas","rf","dir","1024","1","11.656400049105287","12.779921998735517","3.8679239224438065","10.875500040128827","12.614349951036274","85.78978035991115","0.6.1","1.5.2","multi_batch"
"compas","rf","dir","1024","32","15.61725011561066","16.277056008111686","2.0064172515248506","15.413850080221891","15.940817573573439","2049.0162969224334","0.6.1","1.5.2","multi_batch"
"compas","rf","dir","1024","128","20.241350051946938","22.375946999527514","6.41786967866231","19.725400023162365","21.032950025983155","6323.6888681586815","0.6.1","1.5.2","multi_batch"
"compas","rf","dir","1024","256","23.26744992751628","26.793039001058787","8.05628688459994","22.66782507940661","24.376400047913194","11002.494935951372","0.6.1","1.5.2","multi_batch"
"compas","rf","dir","1024","1024","61.90389988478273","64.55221700016409","15.758329826521491","59.38369990326464","65.26329996995628","16541.768804645548","0.6.1","1.5.2","multi_batch"
"compas","rf","eqodds","1024","1","2.1674998570233583","2.4472120101563632","0.7021783947058338","2.119000069797039","2.257999964058399","461.3610454273831","0.6.1","1.5.2","multi_batch"
"compas","rf","eqodds","1024","32","3.3323001116514206","3.4424329921603203","0.4510763848320887","3.2383999787271023","3.447500057518482","9602.976601090544","0.6.1","1.5.2","multi_batch"
"compas","rf","eqodds","1024","128","7.855599978938699","8.775652993936092","2.9290424615905133","7.230499992147088","8.411700138822198","16294.108705022549","0.6.1","1.5.2","multi_batch"
"compas","rf","eqodds","1024","256","15.964249963872135","17.73604798829183","10.512194407191686","13.126350124366581","17.610050039365888","16035.830094075218","0.6.1","1.5.2","multi_batch"
"compas","rf","eqodds","1024","1024","52.90120001882315","59.04128697933629","33.184203494591195","46.240400057286024","57.050850009545684","19356.838779378224","0.6.1","1.5.2","multi_batch"
"compas","lr","baseline","2048","1","0.2075500087812543","0.285966987721622","0.24204626231957277","0.18894998356699944","0.22856130381114775","4818.115912748249","0.6.1","1.5.2","multi_batch"
"compas","lr","baseline","2048","32","0.28440007008612156","0.35890499595552683","0.3029326608826346","0.26604998856782913","0.30099996365606785","112517.55314374506","0.6.1","1.5.2","multi_batch"
"compas","lr","baseline","2048","128","0.410650041885674","0.6810049992054701","1.0852212917902195","0.39000005926936865","0.43679983355104923","311700.9300966674","0.6.1","1.5.2","multi_batch"
"compas","lr","baseline","2048","256","0.6203000666573644","1.0441789985634387","1.1635014093887968","0.5802998784929514","0.6675999611616135","412703.48620066635","0.6.1","1.5.2","multi_batch"
"compas","lr","baseline","2048","1024","4.69734997022897","6.8649150012061","4.167058902040876","3.7216560711385682","6.836500018835068","217995.25402406533","0.6.1","1.5.2","multi_batch"
"compas","lr","reweighing","2048","1","0.1495999749749899","0.20104199880734086","0.2814867144823914","0.14095008373260498","0.15810003969818354","6684.493096788151","0.6.1","1.5.2","multi_batch"
"compas","lr","reweighing","2048","32","0.2880501560866833","0.37450999952852726","0.4658668315608874","0.26720017194747925","0.3091174119617789","111091.76413836138","0.6.1","1.5.2","multi_batch"
"compas","lr","reweighing","2048","128","0.4262999864295125","0.7273490121588111","0.8553382911222771","0.4038974322611466","0.45811868913006","300258.0438063524","0.6.1","1.5.2","multi_batch"
"compas","lr","reweighing","2048","256","0.6058000726625323","0.9974310081452131","1.1098552649047284","0.5633511202177033","0.6691999733448029","422581.65944890474","0.6.1","1.5.2","multi_batch"
"compas","lr","reweighing","2048","1024","4.659650148823857","5.33611502032727","2.323135593509479","4.142650053836405","4.916355066234246","219758.9877554365","0.6.1","1.5.2","multi_batch"
"compas","lr","dir","2048","1","31.9862999022007","33.182584994938225","11.172615676542287","30.159850022755563","33.601999981328845","31.263384732136483","0.6.1","1.5.2","multi_batch"
"compas","lr","dir","2048","32","59.311750112101436","82.37554799998179","62.30117819185945","51.168449921533465","76.60041753551914","539.522100418868","0.6.1","1.5.2","multi_batch"
"compas","lr","dir","2048","128","33.977200044319034","41.029746003914624","27.694751951718796","32.69699995871633","36.294026125688106","3767.232138994382","0.6.1","1.5.2","multi_batch"
"compas","lr","dir","2048","256","22.8395500453189","22.921228993218392","3.2846953320440875","22.072800085879862","23.56380014680326","11208.627117961489","0.6.1","1.5.2","multi_batch"
"compas","lr","dir","2048","1024","46.46270000375807","64.46466701105237","45.851447946448054","45.707287403638475","47.55790007766336","22039.184117952147","0.6.1","1.5.2","multi_batch"
"compas","lr","eqodds","2048","1","0.28110016137361526","0.3015940054319799","0.09035976848501298","0.2592999953776598","0.32970006577670574","3557.450821491639","0.6.1","1.5.2","multi_batch"
"compas","lr","eqodds","2048","32","0.4276501713320613","0.43738999171182513","0.07695797663963634","0.3999487089458853","0.4497523739701137","74827.51591172094","0.6.1","1.5.2","multi_batch"
"compas","lr","eqodds","2048","128","0.6148499669507146","0.6242490070872009","0.10346108031115117","0.5926499143242836","0.6323999259620905","208180.86830971608","0.6.1","1.5.2","multi_batch"
"compas","lr","eqodds","2048","256","1.0064999805763364","2.505078997928649","6.824237674505369","0.9408998303115368","1.1481998953968287","254346.7510584657","0.6.1","1.5.2","multi_batch"
"compas","lr","eqodds","2048","1024","10.891749989241362","11.651953994296491","5.901518612385437","8.653400000184774","12.484199949540198","94016.1132060032","0.6.1","1.5.2","multi_batch"
"compas","rf","baseline","2048","1","2.10199982393533","2.5322690000757575","1.1479613567769997","2.004349953494966","2.367899985983968","475.73743280711426","0.6.1","1.5.2","multi_batch"
"compas","rf","baseline","2048","32","3.293400048278272","3.5494090104475617","0.7753498148446609","3.1934999860823154","3.468249924480915","9716.402359539954","0.6.1","1.5.2","multi_batch"
"compas","rf","baseline","2048","128","5.745649919845164","5.99115899996832","1.0210628982147558","5.493199918419123","5.907699931412935","22277.72345786243","0.6.1","1.5.2","multi_batch"
"compas","rf","baseline","2048","256","8.705800049938262","9.561547003686428","2.7669134367174597","8.26630019582808","9.131349972449243","29405.683398599933","0.6.1","1.5.2","multi_batch"
"compas","rf","baseline","2048","1024","27.364099863916636","37.23829300608486","23.940651897676137","24.934699991717935","30.403700075112283","37421.29304791371","0.6.1","1.5.2","multi_batch"
"compas","rf","reweighing","2048","1","2.5510499253869057","2.780256988480687","0.5335459118328844","2.4301998782902956","2.8162601374788205","391.9954643178278","0.6.1","1.5.2","multi_batch"
"compas","rf","reweighing","2048","32","3.5660499706864357","3.9810120034962893","1.0729674950835209","3.4373438451439142","4.0849000215530396","8973.514186016933","0.6.1","1.5.2","multi_batch"
"compas","rf","reweighing","2048","128","6.630399962887168","7.408491999376565","2.8673412387207886","6.098699988797307","7.188196209608573","19305.01941307673","0.6.1","1.5.2","multi_batch"
"compas","rf","reweighing","2048","256","12.926700059324503","14.834108003415167","6.0736573731610966","12.113200034946203","13.899600016884506","19803.97153373554","0.6.1","1.5.2","multi_batch"
"compas","rf","reweighing","2048","1024","49.84270001295954","67.90179997449741","44.744513955994485","46.2978100287728","60.370299965143204","20544.633411387244","0.6.1","1.5.2","multi_batch"
"compas","rf","dir","2048","1","11.415250017307699","12.445381002034992","2.7648962228912604","11.152203628444113","12.728300062008202","87.60211107805866","0.6.1","1.5.2","multi_batch"
"compas","rf","dir","2048","32","27.337350067682564","31.135619007982314","13.195130075770223","25.485349935479462","29.11865001078695","1170.559689244697","0.6.1","1.5.2","multi_batch"
"compas","rf","dir","2048","128","24.6812499826774","27.546377000398934","9.476048047632366","24.031450040638447","25.585099821910262","5186.12307277132","0.6.1","1.5.2","multi_batch"
"compas","rf","dir","2048","256","31.05920006055385","32.60286999400705","7.961794823850003","29.358199913986027","33.29495002981275","8242.324319393145","0.6.1","1.5.2","multi_batch"
"compas","rf","dir","2048","1024","54.466750007122755","60.094563006423414","15.159720097186366","53.227700060233474","57.49335000291467","18800.46082914969","0.6.1","1.5.2","multi_batch"
"compas","rf","eqodds","2048","1","2.7926999609917402","2.9815580090507865","0.7820119880885599","2.543600043281913","3.1719000544399023","358.0764185082314","0.6.1","1.5.2","multi_batch"
"compas","rf","eqodds","2048","32","4.91889996919781","4.800482005812228","0.9312982488607435","4.46829991415143","5.085150012746453","6505.519567461069","0.6.1","1.5.2","multi_batch"
"compas","rf","eqodds","2048","128","7.6667501125484705","7.878349001985043","1.7010661221669885","7.4330699048005044","8.023600094020367","16695.470456314648","0.6.1","1.5.2","multi_batch"
"compas","rf","eqodds","2048","256","11.948550003580749","12.631044022273272","4.031355742934308","11.015899945050478","12.657499872148037","21425.193845552956","0.6.1","1.5.2","multi_batch"
"compas","rf","eqodds","2048","1024","29.69430002849549","32.185130012221634","8.182531786424025","29.01089983060956","31.03123626497108","34484.73272706683","0.6.1","1.5.2","multi_batch"
"compas","lr","baseline","4096","1","0.14480005484074354","0.16772499307990074","0.20695507085336043","0.12965011410415173","0.15805009752511978","6906.074732498113","0.6.1","1.5.2","multi_batch"
"compas","lr","baseline","4096","32","0.302949920296669","0.34116098191589117","0.17624569955378205","0.29189125925768167","0.3205012471880764","105628.0192074764","0.6.1","1.5.2","multi_batch"
"compas","lr","baseline","4096","128","0.4914000164717436","0.6793879996985197","0.5709818910761296","0.48369995784014463","0.5319998599588871","260480.25174895418","0.6.1","1.5.2","multi_batch"
"compas","lr","baseline","4096","256","0.6588499527424574","0.6763350125402212","0.214454154745895","0.6461000302806497","0.6715500494465232","388555.84482385125","0.6.1","1.5.2","multi_batch"
"compas","lr","baseline","4096","1024","3.274849965237081","3.356151992920786","0.5851881032958913","3.1575998291373253","3.4326999448239803","312686.0805441107","0.6.1","1.5.2","multi_batch"
"compas","lr","reweighing","4096","1","0.1614500069990754","0.1715979934670031","0.040654645277520086","0.15869743074290454","0.1645998563617468","6193.867802097567","0.6.1","1.5.2","multi_batch"
"compas","lr","reweighing","4096","32","0.27030007913708687","0.28396798064932227","0.09506236634504985","0.26219990104436874","0.28659997042268515","118386.94277174334","0.6.1","1.5.2","multi_batch"
"compas","lr","reweighing","4096","128","0.42090006172657013","0.4482959909364581","0.19937462068349263","0.39059994742274284","0.4313499666750431","304110.19536308077","0.6.1","1.5.2","multi_batch"
"compas","lr","reweighing","4096","256","0.5834000185132027","0.6049959966912866","0.15750615651912483","0.5674997810274363","0.6083525338908657","438806.9795616686","0.6.1","1.5.2","multi_batch"
"compas","lr","reweighing","4096","1024","2.8304499574005604","2.795763988979161","0.533047250333047","2.592699835076928","2.9070000164210796","361779.9344314941","0.6.1","1.5.2","multi_batch"
"compas","lr","dir","4096","1","14.479500008746982","13.963142991997302","3.3803606264470423","13.526950031518936","15.332749928347766","69.0631582165065","0.6.1","1.5.2","multi_batch"
"compas","lr","dir","4096","32","15.21429989952594","16.061980004888028","3.560931691939089","14.37395007815212","16.584915030398406","2103.2844239515143","0.6.1","1.5.2","multi_batch"
"compas","lr","dir","4096","128","16.563699929974973","17.768042015377432","4.278086448142931","15.0133001152426","18.775450065732002","7727.742022684264","0.6.1","1.5.2","multi_batch"
"compas","lr","dir","4096","256","23.50010012742132","26.836906999815255","13.516522326579357","18.58056106721051","27.12099999189377","10893.57060659005","0.6.1","1.5.2","multi_batch"
"compas","lr","dir","4096","1024","43.10995002742857","44.15441198507324","8.20301392168129","42.14310005772859","44.7652000002563","23753.217049625047","0.6.1","1.5.2","multi_batch"
"compas","lr","eqodds","4096","1","0.1813000999391079","0.21027700742706656","0.09674604990872644","0.17990008927881718","0.18310124869458377","5515.716760971801","0.6.1","1.5.2","multi_batch"
"compas","lr","eqodds","4096","32","0.3691499587148428","0.38996700663119555","0.08015911306833684","0.34820009022951126","0.3939999733120203","86685.63884282873","0.6.1","1.5.2","multi_batch"
"compas","lr","eqodds","4096","128","0.5581000586971641","0.5631980020552874","0.12269147212833544","0.5278999451547861","0.5801999941468239","229349.55480708036","0.6.1","1.5.2","multi_batch"
"compas","lr","eqodds","4096","256","0.7554999319836497","0.7592470059171319","0.18163042037080315","0.6694087845971808","0.7948500569909811","338848.47524452227","0.6.1","1.5.2","multi_batch"
"compas","lr","eqodds","4096","1024","4.837400047108531","4.894910997245461","0.785812869549567","4.642300074920058","4.985527510871179","211683.96039770942","0.6.1","1.5.2","multi_batch"
"compas","rf","baseline","4096","1","4.185400088317692","4.467285017017275","1.0656834429925328","4.088500048965216","4.458328816690482","238.92578460807238","0.6.1","1.5.2","multi_batch"
"compas","rf","baseline","4096","32","3.690799931064248","4.105484986212105","1.0347508698899053","3.54604993481189","4.030099953524768","8670.207163131909","0.6.1","1.5.2","multi_batch"
"compas","rf","baseline","4096","128","5.929800099693239","6.386545996647328","1.407048373295798","5.631750100292265","6.317749968729913","21585.88786266534","0.6.1","1.5.2","multi_batch"
"compas","rf","baseline","4096","256","10.324900038540363","11.02610798785463","2.478123192877336","9.919649921357632","10.999699938111007","24794.428909182046","0.6.1","1.5.2","multi_batch"
"compas","rf","baseline","4096","1024","22.45679998304695","24.93419299600646","6.4340600243447","21.695399889722466","23.550450103357434","45598.66057376992","0.6.1","1.5.2","multi_batch"
"compas","rf","reweighing","4096","1","2.1791999461129308","2.404985995963216","0.5844907816927074","2.125849947333336","2.2648012673016638","458.8840054735289","0.6.1","1.5.2","multi_batch"
"compas","rf","reweighing","4096","32","3.371699946001172","3.900424998719245","1.4261563639525594","3.227100009098649","3.670404778677039","9490.761489008511","0.6.1","1.5.2","multi_batch"
"compas","rf","reweighing","4096","128","6.00179994944483","6.491179005242884","1.6217120795190298","5.5640998762100935","6.415527453646062","21326.93543240142","0.6.1","1.5.2","multi_batch"
"compas","rf","reweighing","4096","256","8.92905006185174","9.556154001038522","2.0707644275525054","8.491250104270875","9.473150013945997","28670.46306456812","0.6.1","1.5.2","multi_batch"
"compas","rf","reweighing","4096","1024","24.118650006130338","27.190795009955764","9.182065080192931","22.78345008380711","26.467000134289265","42456.77099421923","0.6.1","1.5.2","multi_batch"
"compas","rf","dir","4096","1","9.391500032506883","10.501055002678186","2.285342492280568","9.139799978584051","10.165239981142797","106.47926279494128","0.6.1","1.5.2","multi_batch"
"compas","rf","dir","4096","32","23.673149989917874","23.81472800625488","6.6913992826565005","22.231049952097237","24.651299929246306","1351.7423753758344","0.6.1","1.5.2","multi_batch"
"compas","rf","dir","4096","128","34.11204996518791","36.098475011531264","10.889722371098099","32.21790003590286","35.45054752030409","3752.339719560296","0.6.1","1.5.2","multi_batch"
"compas","rf","dir","4096","256","40.4184500221163","42.74390300968662","10.090792784540001","39.06964999623597","42.02755005098879","6333.74114692476","0.6.1","1.5.2","multi_batch"
"compas","rf","dir","4096","1024","84.873849991709","90.82757299067453","18.16506022248343","81.02025118132588","90.6703001819551","12064.964651656908","0.6.1","1.5.2","multi_batch"
"compas","rf","eqodds","4096","1","4.866149974986911","5.147316989023238","1.2085158009299188","4.66389989014715","5.2625000244006515","205.50127002665795","0.6.1","1.5.2","multi_batch"
"compas","rf","eqodds","4096","32","6.018299958668649","6.012525002006441","0.9396932571689782","5.8804500149562955","6.203499971888959","5317.11616565535","0.6.1","1.5.2","multi_batch"
"compas","rf","eqodds","4096","128","8.347350056283176","8.789659985341132","2.338269645820917","8.2137999124825","8.516700007021427","15334.207758982442","0.6.1","1.5.2","multi_batch"
"compas","rf","eqodds","4096","256","12.93440000154078","13.641479006037116","2.6764799139572575","12.630400015041232","13.25129996985197","19792.18208571751","0.6.1","1.5.2","multi_batch"
"compas","rf","eqodds","4096","1024","44.701799866743386","49.11402400350198","15.08706164287985","42.882899986580014","47.83679998945445","22907.35502938487","0.6.1","1.5.2","multi_batch"
"compas","lr","baseline","8192","1","0.21520012523978949","0.4403039813041687","0.7260902555797063","0.202000024728477","0.24869991466403008","4646.837444382234","0.6.1","1.5.2","multi_batch"
"compas","lr","baseline","8192","32","0.38694997783750296","0.6433020113036036","0.9054649783244764","0.37480005994439125","0.40835002437233925","82698.02773690346","0.6.1","1.5.2","multi_batch"
"compas","lr","baseline","8192","128","0.564300105907023","0.8251150161959231","0.7939312410895606","0.5444501293823123","0.6143501959741116","226829.65794284284","0.6.1","1.5.2","multi_batch"
"compas","lr","baseline","8192","256","0.7517001358792186","1.1115110153332353","1.3430608661487171","0.7217499660328031","0.8072500349953771","340561.33261246805","0.6.1","1.5.2","multi_batch"
"compas","lr","baseline","8192","1024","4.9201499205082655","6.646297986153513","3.7282721127344627","4.466570014483295","5.262200022116303","208123.73942748026","0.6.1","1.5.2","multi_batch"
"compas","lr","reweighing","8192","1","0.176949892193079","0.18521798541769385","0.042695082114304374","0.16999626241158694","0.18325005657970905","5651.317373558212","0.6.1","1.5.2","multi_batch"
"compas","lr","reweighing","8192","32","0.32864988315850496","0.5060569965280592","1.2806243810174758","0.3247000277042389","0.33540010917931795","97368.0553069501","0.6.1","1.5.2","multi_batch"
"compas","lr","reweighing","8192","128","0.6564500508829951","1.150779000017792","1.534012407593695","0.597700010985136","0.729567409143783","194988.1789601911","0.6.1","1.5.2","multi_batch"
"compas","lr","reweighing","8192","256","0.8076499216258526","1.5903319860808551","1.9151792221675514","0.7505386485718191","0.8773187350016078","316969.01484823413","0.6.1","1.5.2","multi_batch"
"compas","lr","reweighing","8192","1024","4.53775015193969","5.101202998775989","1.836949575848297","4.383750027045608","4.631599877029657","225662.49037803122","0.6.1","1.5.2","multi_batch"
"compas","lr","dir","8192","1","17.737949965521693","18.517857000697404","4.059851133152735","17.146000056527555","18.6141400510678","56.37630064036483","0.6.1","1.5.2","multi_batch"
"compas","lr","dir","8192","32","28.088900027796626","28.566649998538196","5.971529933376881","27.175100054591894","28.860650025308132","1139.2400545529717","0.6.1","1.5.2","multi_batch"
"compas","lr","dir","8192","128","29.962549917399883","32.56661198567599","12.404006611958643","28.368699946440756","31.383899971842766","4271.999557877005","0.6.1","1.5.2","multi_batch"
"compas","lr","dir","8192","256","19.73159983754158","23.550677997991443","12.713272080240985","18.839300144463778","21.164099918678403","12974.112697792061","0.6.1","1.5.2","multi_batch"
"compas","lr","dir","8192","1024","35.155999939888716","40.42408900335431","13.139275994038282","33.90679997391999","37.0882002171129","29127.318288510654","0.6.1","1.5.2","multi_batch"
"compas","lr","eqodds","8192","1","0.15920004807412624","0.17492299666628242","0.0482321557401743","0.15829992480576038","0.1602998236194253","6281.405138360154","0.6.1","1.5.2","multi_batch"
"compas","lr","eqodds","8192","32","0.338749960064888","0.36325000459328294","0.08685773515718029","0.3231000155210495","0.3645500401034951","94464.95578588513","0.6.1","1.5.2","multi_batch"
"compas","lr","eqodds","8192","128","0.46790018677711487","0.5127940000966191","0.11107290690867368","0.45434990897774696","0.4923500819131732","273562.6178772462","0.6.1","1.5.2","multi_batch"
"compas","lr","eqodds","8192","256","0.6212000735104084","0.6741819949820638","0.1455309947616215","0.6075000856071711","0.6345000583678484","412105.55329354876","0.6.1","1.5.2","multi_batch"
"compas","lr","eqodds","8192","1024","4.674650030210614","4.788577007129788","0.8882738001604358","4.239400033839047","4.9594000447541475","219053.83149160884","0.6.1","1.5.2","multi_batch"
"compas","rf","baseline","8192","1","2.203000010922551","3.1241429992951453","2.072968246026145","2.026099944487214","2.512600040063262","453.92646166226285","0.6.1","1.5.2","multi_batch"
"compas","rf","baseline","8192","32","2.924349973909557","3.3522110036574304","1.6047351138209278","2.8331000357866287","3.0614000279456377","10942.602727271822","0.6.1","1.5.2","multi_batch"
"compas","rf","baseline","8192","128","8.124649990350008","11.65917900390923","8.559137938585936","7.697799825109541","8.491649990901351","15754.52482901184","0.6.1","1.5.2","multi_batch"
"compas","rf","baseline","8192","256","12.586449971422553","14.019410994369537","5.686319955736789","11.385746276937425","13.07464377314318","20339.333217964257","0.6.1","1.5.2","multi_batch"
"compas","rf","baseline","8192","1024","29.506700113415718","32.14664000086486","8.441410217815845","28.60670001246035","30.813999939709902","34703.98235194118","0.6.1","1.5.2","multi_batch"
"compas","rf","reweighing","8192","1","4.691350040957332","5.026986999437213","1.7801435035466215","4.530949983745813","4.848335013957693","213.15825748869867","0.6.1","1.5.2","multi_batch"
"compas","rf","reweighing","8192","32","7.247700006701052","8.889186012092978","4.1530956447188565","6.612346254405566","8.327050134539604","4415.193781532563","0.6.1","1.5.2","multi_batch"
"compas","rf","reweighing","8192","128","9.517399943433702","11.66500800056383","7.19672755172282","9.074950008653104","10.127350105904043","13449.051291399232","0.6.1","1.5.2","multi_batch"
"compas","rf","reweighing","8192","256","12.611999991349876","14.663281994871795","7.179105648805358","11.960649979300797","13.638500007800758","20298.12878017613","0.6.1","1.5.2","multi_batch"
"compas","rf","reweighing","8192","1024","27.609149925410748","27.93211299693212","3.710670530278245","26.74654999282211","28.534000040963292","37089.153514919955","0.6.1","1.5.2","multi_batch"
"compas","rf","dir","8192","1","11.861000093631446","11.872571003623307","2.4526220638155816","10.84120012819767","12.718799989670515","84.30992261242223","0.6.1","1.5.2","multi_batch"
"compas","rf","dir","8192","32","18.573849927634","20.09620500728488","4.891186731489751","17.564257481717505","20.088900113478303","1722.8522963562173","0.6.1","1.5.2","multi_batch"
"compas","rf","dir","8192","128","24.99374991748482","25.155831999145448","5.165237666342427","23.105300031602383","26.312399888411164","5121.280336987582","0.6.1","1.5.2","multi_batch"
"compas","rf","dir","8192","256","31.464749947190285","32.05224700272083","6.69900250424263","29.67779990285635","32.338749966584146","8136.088811437069","0.6.1","1.5.2","multi_batch"
"compas","rf","dir","8192","1024","50.05329998675734","52.92088899528608","7.6949335644906816","48.992249998264015","51.35559989139438","20458.191573201384","0.6.1","1.5.2","multi_batch"
"compas","rf","eqodds","8192","1","2.2623499389737844","2.8930609952658415","1.2481310535885355","2.1945000626146793","2.5978500489145517","442.0182672772569","0.6.1","1.5.2","multi_batch"
"compas","rf","eqodds","8192","32","6.080850027501583","6.159407005179673","2.2748825437266675","5.498100072145462","6.6472000908106565","5262.422170465487","0.6.1","1.5.2","multi_batch"
"compas","rf","eqodds","8192","128","6.381499930284917","7.274820995517075","2.6540742234922114","5.851549911312759","6.804100004956126","20057.98031784749","0.6.1","1.5.2","multi_batch"
"compas","rf","eqodds","8192","256","9.166350006125867","10.364749988075346","2.6405532245834746","8.821616249042563","10.359399951994419","27928.23750226811","0.6.1","1.5.2","multi_batch"
"compas","rf","eqodds","8192","1024","26.86384995467961","28.932379002217203","6.562471369686676","25.37510374095291","30.794050078839064","38118.140241533845","0.6.1","1.5.2","multi_batch"
"compas","lr","baseline","16384","1","0.0953000271692872","0.12651799246668816","0.08654781388880636","0.0946499640122056","0.09664997924119234","10493.176441845493","0.6.1","1.5.2","multi_batch"
"compas","lr","baseline","16384","32","0.19165012054145336","0.23575000232085586","0.20574552510482905","0.18725008703768253","0.1961500383913517","166970.93594093772","0.6.1","1.5.2","multi_batch"
"compas","lr","baseline","16384","128","0.31304999720305204","0.3596189967356622","0.11206669222652889","0.2971499925479293","0.33549987711012363","408880.37420098105","0.6.1","1.5.2","multi_batch"
"compas","lr","baseline","16384","256","0.45359996147453785","0.5439180065877736","0.22206623343594029","0.4338999278843403","0.4773999098688364","564373.9456410209","0.6.1","1.5.2","multi_batch"
"compas","lr","baseline","16384","1024","1.9874500576406717","2.1919390046969056","0.6003135141952352","1.865800004452467","2.1024613641202445","515233.07268188865","0.6.1","1.5.2","multi_batch"
"compas","lr","reweighing","16384","1","0.08490018080919981","0.09829899528995156","0.036287583046351116","0.08460017561446875","0.08799997449386865","11778.537930883178","0.6.1","1.5.2","multi_batch"
"compas","lr","reweighing","16384","32","0.168150058016181","0.18371600192040205","0.04914339438320417","0.16419996973127127","0.1730998046696186","190306.20849931944","0.6.1","1.5.2","multi_batch"
"compas","lr","reweighing","16384","128","0.2516000531613827","0.27124200016260147","0.059816955400644814","0.24319896765518934","0.2583499299362302","508743.93066164234","0.6.1","1.5.2","multi_batch"
"compas","lr","reweighing","16384","256","0.378649914637208","0.4109629965387285","0.08746162914045189","0.36509998608380556","0.38480740331578994","676086.2477554728","0.6.1","1.5.2","multi_batch"
"compas","lr","reweighing","16384","1024","2.002999885007739","2.209050999954343","0.5446771888617208","1.8768999725580215","2.2734999656677246","511233.1796244928","0.6.1","1.5.2","multi_batch"
"compas","lr","dir","16384","1","7.175449980422854","7.953913004603237","2.401113028865448","6.872850004583597","7.418249850161374","139.3640820754588","0.6.1","1.5.2","multi_batch"
"compas","lr","dir","16384","32","12.3315000673756","14.350473005324602","4.386545333617654","12.0749999769032","12.854749918915331","2594.980320736459","0.6.1","1.5.2","multi_batch"
"compas","lr","dir","16384","128","13.035050011239946","13.694707001559436","1.8728869014897527","12.865499942563474","13.290500035509467","9819.67847377857","0.6.1","1.5.2","multi_batch"
"compas","lr","dir","16384","256","16.343500115908682","17.50322100939229","3.2324339491255683","15.776699990965426","16.834150068461895","15663.719410434664","0.6.1","1.5.2","multi_batch"
"compas","lr","dir","16384","1024","52.004249999299645","58.453044986817986","28.096894177336008","47.60379996150732","57.69329983741045","19690.698356649515","0.6.1","1.5.2","multi_batch"
"compas","lr","eqodds","16384","1","0.17595000099390745","0.1918159960769117","0.05538886142181395","0.17470004968345165","0.17720245232339948","5683.432761302608","0.6.1","1.5.2","multi_batch"
"compas","lr","eqodds","16384","32","0.37869997322559357","0.3838669857941568","0.07202805457072833","0.3645499236881733","0.38787248195148993","84499.6098822997","0.6.1","1.5.2","multi_batch"
"compas","lr","eqodds","16384","128","0.5425501149147749","0.5607519950717688","0.09311713208587905","0.53060008212924","0.5691999103873968","235922.90643990843","0.6.1","1.5.2","multi_batch"
"compas","lr","eqodds","16384","256","0.8695499273017049","0.909927983302623","0.20791266701563527","0.8384000975638628","0.9164001094177365","294405.1767037599","0.6.1","1.5.2","multi_batch"
"compas","lr","eqodds","16384","1024","5.305500118993223","5.7294130069203675","1.5921118407985864","4.999500000849366","5.631361232372001","193007.2522916681","0.6.1","1.5.2","multi_batch"
"compas","rf","baseline","16384","1","3.5721499007195234","3.550215004943311","0.7257699865033477","3.4215000923722982","3.7128999829292297","279.94345920325856","0.6.1","1.5.2","multi_batch"
"compas","rf","baseline","16384","32","6.148200016468763","6.354917003773153","1.1786877772578104","6.051599979400635","6.3281499315053225","5204.77536747077","0.6.1","1.5.2","multi_batch"
"compas","rf","baseline","16384","128","9.707549936138093","9.887841993477196","1.3587205231139778","9.541429896489717","10.087199974805117","13185.613346524964","0.6.1","1.5.2","multi_batch"
"compas","rf","baseline","16384","256","12.403849977999926","14.922742992639542","8.618117385582309","12.072399957105517","12.76679988950491","20638.753326914957","0.6.1","1.5.2","multi_batch"
"compas","rf","baseline","16384","1024","24.775750003755093","25.22705699549988","2.9702746066590375","24.368799873627722","25.094199925661087","41330.73670200899","0.6.1","1.5.2","multi_batch"
"compas","rf","reweighing","16384","1","1.9726499449461699","2.2070260089822114","0.5672106586292923","1.9400011806283146","2.007500035688281","506.93231333919624","0.6.1","1.5.2","multi_batch"
"compas","rf","reweighing","16384","32","3.287250059656799","3.930885996669531","1.4033510919078196","3.097391262417659","3.7081262504216275","9734.580399807162","0.6.1","1.5.2","multi_batch"
"compas","rf","reweighing","16384","128","5.790700088255107","6.460540022235364","1.9824661816643285","5.571400048211217","6.028232420794664","22104.408456520465","0.6.1","1.5.2","multi_batch"
"compas","rf","reweighing","16384","256","7.972699939273298","8.382080004084855","1.6228578038538493","7.6799498638138175","8.077750098891556","32109.574165578604","0.6.1","1.5.2","multi_batch"
"compas","rf","reweighing","16384","1024","24.658899870701134","26.971434995066375","8.277527564986347","23.46934995148331","26.698250090703368","41526.58899502171","0.6.1","1.5.2","multi_batch"
"compas","rf","dir","16384","1","10.976149933412671","12.018482992425561","3.629267240775322","10.367321217199787","11.743999901227653","91.10662719319133","0.6.1","1.5.2","multi_batch"
"compas","rf","dir","16384","32","15.601750114001334","17.483763995114714","3.7905673078887823","15.37470007315278","16.023680119542405","2051.051950337452","0.6.1","1.5.2","multi_batch"
"compas","rf","dir","16384","128","18.287400132976472","19.24498300999403","2.95768014099114","18.049400066956878","18.5001888719853","6999.3546960885915","0.6.1","1.5.2","multi_batch"
"compas","rf","dir","16384","256","25.995049974881113","30.863111985381693","12.52173264720369","23.474699934013188","28.68680004030466","9848.028768837587","0.6.1","1.5.2","multi_batch"
"compas","rf","dir","16384","1024","88.6647499864921","93.87453098781407","27.700839152131408","79.369000159204","96.86709998641163","11549.121834280302","0.6.1","1.5.2","multi_batch"
"compas","rf","eqodds","16384","1","8.421899867244065","10.572708984836936","6.771533541473674","7.719272380927578","9.88144997972995","118.7380538552086","0.6.1","1.5.2","multi_batch"
"compas","rf","eqodds","16384","32","11.288849986158311","11.988658003974706","4.985303707444964","10.612949845381081","12.03469978645444","2834.655437820187","0.6.1","1.5.2","multi_batch"
"compas","rf","eqodds","16384","128","11.09109993558377","11.613718988373876","2.8583691110642824","10.485100094228983","11.430100072175264","11540.785020729581","0.6.1","1.5.2","multi_batch"
"compas","rf","eqodds","16384","256","17.047249944880605","18.129675998352468","4.441236834792336","16.67100004851818","17.96730002388358","15017.08491561587","0.6.1","1.5.2","multi_batch"
"compas","rf","eqodds","16384","1024","36.79389995522797","40.76998999109492","12.313424511543772","34.270628762897104","39.407300064340234","27830.70023145241","0.6.1","1.5.2","multi_batch"
"compas","lr","baseline","32768","1","0.14699995517730713","0.14563899720087647","0.038255036940786295","0.13810000382363796","0.1488998532295227","6802.723162696401","0.6.1","1.5.2","multi_batch"
"compas","lr","baseline","32768","32","0.21545006893575191","0.23264099843800068","0.07186596494793755","0.19910000264644623","0.23245008196681738","148526.29269542044","0.6.1","1.5.2","multi_batch"
"compas","lr","baseline","32768","128","0.3551498521119356","0.3678370011039078","0.10953923395205635","0.33342736423946917","0.3712000325322151","360411.243982884","0.6.1","1.5.2","multi_batch"
"compas","lr","baseline","32768","256","0.49884989857673645","0.5016549862921238","0.08817256902151545","0.4704499151557684","0.5235113931121304","513180.4190607054","0.6.1","1.5.2","multi_batch"
"compas","lr","baseline","32768","1024","2.94894992839545","3.203840998467058","0.9725737143989571","2.693688712315634","3.1967998947948217","347242.24719446746","0.6.1","1.5.2","multi_batch"
"compas","lr","reweighing","32768","1","0.09684998076409101","0.11216699844226241","0.03533088306468816","0.09620003111194819","0.0996000599116087","10325.247275328","0.6.1","1.5.2","multi_batch"
"compas","lr","reweighing","32768","32","0.20614999812096357","0.22347699385136366","0.04272587743259531","0.19979989156126976","0.22069993428885937","155226.77803384318","0.6.1","1.5.2","multi_batch"
"compas","lr","reweighing","32768","128","0.31465000938624144","0.33452600007876754","0.057564398525951535","0.3016499103978276","0.3437998238950968","406801.1955559058","0.6.1","1.5.2","multi_batch"
"compas","lr","reweighing","32768","256","0.49380003474652767","0.5023169936612248","0.0841084053246194","0.46769995242357254","0.5221138242632147","518428.4770887213","0.6.1","1.5.2","multi_batch"
"compas","lr","reweighing","32768","1024","2.5211500469595194","2.5910809985361993","0.48930021694858505","2.41199997253716","2.6300998870283365","406163.8462315773","0.6.1","1.5.2","multi_batch"
"compas","lr","dir","32768","1","9.670799830928445","10.02031299751252","2.3561391509232417","9.208738728193566","10.266450000926852","103.40406351932475","0.6.1","1.5.2","multi_batch"
"compas","lr","dir","32768","32","18.178800004534423","18.673015998210758","5.8276160207322585","16.797400079667568","19.18669999577105","1760.2922080675341","0.6.1","1.5.2","multi_batch"
"compas","lr","dir","32768","128","17.159449984319508","17.490661996416748","3.111729623164611","16.313300118781626","18.44671506260056","7459.446550849112","0.6.1","1.5.2","multi_batch"
"compas","lr","dir","32768","256","16.831899993121624","17.753752996213734","2.888376767824222","16.219306184211746","17.3302999464795","15209.215840434812","0.6.1","1.5.2","multi_batch"
"compas","lr","dir","32768","1024","29.511100030504167","31.394636016339064","6.123318557485402","28.88673993293196","29.930045074434016","34698.80820916678","0.6.1","1.5.2","multi_batch"
"compas","lr","eqodds","32768","1","0.15899993013590574","0.17550800926983356","0.039887148027285727","0.15740003436803818","0.16155012417584658","6289.310939603851","0.6.1","1.5.2","multi_batch"
"compas","lr","eqodds","32768","32","0.2830501180142164","0.31590300844982266","0.0747668712360562","0.27830014005303383","0.2881998661905527","113054.18356473808","0.6.1","1.5.2","multi_batch"
"compas","lr","eqodds","32768","128","0.5540000274777412","0.8598210103809834","1.699590182331553","0.5348999984562397","0.5677000153809786","231046.91994828975","0.6.1","1.5.2","multi_batch"
"compas","lr","eqodds","32768","256","0.8076500380411744","0.8441760088317096","0.1553022194694796","0.7840675330953673","0.8396499324589968","316968.96916006703","0.6.1","1.5.2","multi_batch"
"compas","lr","eqodds","32768","1024","3.265799954533577","3.504035994410515","0.7360921951838866","3.071049926802516","3.52340005338192","313552.5795382798","0.6.1","1.5.2","multi_batch"
"compas","rf","baseline","32768","1","2.028200076892972","2.2015100065618753","0.39121595297240624","1.9879000028595328","2.124049933627248","493.04800418502793","0.6.1","1.5.2","multi_batch"
"compas","rf","baseline","32768","32","3.228649962693453","3.471567986998707","0.6319613507154362","3.138455032603815","3.419899847358465","9911.263335993375","0.6.1","1.5.2","multi_batch"
"compas","rf","baseline","32768","128","5.908750114031136","6.16329898359254","1.0136732013941676","5.713721219217405","6.258499808609486","21662.787819719517","0.6.1","1.5.2","multi_batch"
"compas","rf","baseline","32768","256","8.294250117614865","8.539696002844721","1.1204639658798734","8.08970001526177","8.554700063541532","30864.755266581786","0.6.1","1.5.2","multi_batch"
"compas","rf","baseline","32768","1024","21.38355001807213","22.234363998286426","1.8964254954085793","21.193200023844838","21.872499957680702","47887.27779693152","0.6.1","1.5.2","multi_batch"
"compas","rf","reweighing","32768","1","2.391700050793588","2.801985004916787","0.9806191944876623","2.241550129838288","2.750399988144636","418.11263066545104","0.6.1","1.5.2","multi_batch"
"compas","rf","reweighing","32768","32","3.0881500570103526","3.1798649905249476","0.45814834040060914","3.01529252610635","3.150800010189414","10362.190764453751","0.6.1","1.5.2","multi_batch"
"compas","rf","reweighing","32768","128","5.6562499376013875","6.237216007430106","1.7601115456485792","5.325299920514226","5.894799949601293","22629.83450379143","0.6.1","1.5.2","multi_batch"
"compas","rf","reweighing","32768","256","8.47855000756681","9.507365010213107","5.124779213136961","8.122199913486838","8.787800092250109","30193.842080488874","0.6.1","1.5.2","multi_batch"
"compas","rf","reweighing","32768","1024","29.452099930495024","32.270075995475054","10.504092819884137","28.59436128346715","30.535400030203164","34768.31880974773","0.6.1","1.5.2","multi_batch"
"compas","rf","dir","32768","1","13.171499944292009","14.817486004903913","5.873549047631636","12.611149926669896","14.387399889528751","75.9214974930292","0.6.1","1.5.2","multi_batch"
"compas","rf","dir","32768","32","16.91390003543347","17.918451009318233","3.029793305387175","16.392000019550323","17.32046128890942","1891.935031717237","0.6.1","1.5.2","multi_batch"
"compas","rf","dir","32768","128","22.464700043201447","25.083845006302","7.095618682198938","21.178427440463565","24.183620026451532","5697.82813720395","0.6.1","1.5.2","multi_batch"
"compas","rf","dir","32768","256","24.46130011230707","25.978797008283436","4.761461025580338","23.894350044429302","25.16864996869117","10465.510779257404","0.6.1","1.5.2","multi_batch"
"compas","rf","dir","32768","1024","52.9178500873968","54.86160699510947","8.650668324131699","50.941950059495866","54.433099925518036","19350.74834500658","0.6.1","1.5.2","multi_batch"
"compas","rf","eqodds","32768","1","4.443400073796511","4.527519010007381","1.4504267068821963","4.243406257592142","4.5614499831572175","225.0528836908409","0.6.1","1.5.2","multi_batch"
"compas","rf","eqodds","32768","32","4.781450028531253","5.125169004313648","1.976000623374133","4.52810013666749","5.147267517168072","6692.530468592941","0.6.1","1.5.2","multi_batch"
"compas","rf","eqodds","32768","128","7.613950059749186","7.4510630033910275","1.290871066932934","7.313550100661814","7.830972524243406","16811.24764354135","0.6.1","1.5.2","multi_batch"
"compas","rf","eqodds","32768","256","9.400950046256185","9.858864007983357","1.6872911660790415","9.029300068505108","10.529221093747761","27231.290320699973","0.6.1","1.5.2","multi_batch"
"compas","rf","eqodds","32768","1024","26.11405006609857","26.625683985184878","3.3376294299579157","25.69785004016012","27.041799970902503","39212.607673191356","0.6.1","1.5.2","multi_batch"
"german","lr","baseline","42","1","0.09554997086524963","0.11540700914338231","0.03528008905208455","0.09455007966607809","0.0980000477284193","10465.727942609848","0.6.1","1.5.2","multi_batch"
"german","lr","baseline","42","32","0.09980006143450737","0.11256299214437604","0.046916978282634775","0.09949994273483753","0.10110007133334875","320641.0851861011","0.6.1","1.5.2","multi_batch"
"german","lr","baseline","42","128","0.15884998720139265","0.15142598655074835","0.03328020564472529","0.1424486137693748","0.16580009832978249","805791.6922443279","0.6.1","1.5.2","multi_batch"
"german","lr","baseline","42","256","0.1812500413507223","0.19835799001157284","0.05123324609215772","0.17900019884109497","0.18559989985078573","1412413.4708727326","0.6.1","1.5.2","multi_batch"
"german","lr","baseline","42","1024","0.2916998928412795","0.39122002199292183","0.26934072215101573","0.2862000837922096","0.30880002304911613","3510457.2374909357","0.6.1","1.5.2","multi_batch"
"german","lr","reweighing","42","1","0.09490002412348986","0.10879298904910684","0.03748189345328766","0.0946499640122056","0.09559991303831339","10537.405119083398","0.6.1","1.5.2","multi_batch"
"german","lr","reweighing","42","32","0.1553000183776021","0.15463300049304962","0.028051864108042775","0.1522987469797954","0.15700003132224083","206052.77664677438","0.6.1","1.5.2","multi_batch"
"german","lr","reweighing","42","128","0.11154997628182173","0.11148399440571666","0.008012421672106461","0.1113000325858593","0.11190003715455532","1147467.747340606","0.6.1","1.5.2","multi_batch"
"german","lr","reweighing","42","256","0.18735008779913187","0.20926399854943156","0.045452161423125324","0.18229885608889163","0.19919988699257374","1366425.8341553137","0.6.1","1.5.2","multi_batch"
"german","lr","reweighing","42","1024","0.33519999124109745","0.3446109965443611","0.06352896021092608","0.305800000205636","0.3544500796124339","3054892.68125748","0.6.1","1.5.2","multi_batch"
"german","lr","dir","42","1","1.8733000615611672","2.282966000493616","1.1214314680911348","1.815199968405068","2.1100000012665987","533.81731016793","0.6.1","1.5.2","multi_batch"
"german","lr","dir","42","32","2.97070003580302","3.6588640115223825","1.9514932140076642","2.594499965198338","3.523800056427717","10771.871819549082","0.6.1","1.5.2","multi_batch"
"german","lr","dir","42","128","2.162049990147352","2.406097990460694","0.6537525384000893","2.083699917420745","2.315300051122904","59203.07142910988","0.6.1","1.5.2","multi_batch"
"german","lr","dir","42","256","2.718599862419069","2.9912619991227984","0.8008203345184137","2.586799906566739","2.9727499932050705","94166.11967757759","0.6.1","1.5.2","multi_batch"
"german","lr","dir","42","1024","5.493399919942021","6.1169739929027855","1.6691892766608445","5.112900049425662","6.394099909812212","186405.507504141","0.6.1","1.5.2","multi_batch"
"german","rf","baseline","42","1","2.217850065790117","2.6042680023238063","0.8813084360015836","2.143349964171648","2.2656999062746763","450.8871070343281","0.6.1","1.5.2","multi_batch"
"german","rf","baseline","42","32","5.505249951966107","6.956601997371763","4.253824008019956","5.030600121244788","6.127800093963742","5812.633446111151","0.6.1","1.5.2","multi_batch"
"german","rf","baseline","42","128","5.802599946036935","6.48418499622494","2.218137156055098","5.567099899053574","6.143500097095966","22059.077170643406","0.6.1","1.5.2","multi_batch"
"german","rf","baseline","42","256","6.229149992577732","6.63201899966225","2.0035643909887955","5.989276105538011","6.582550005987287","41097.099974319724","0.6.1","1.5.2","multi_batch"
"german","rf","baseline","42","1024","18.626549979671836","20.48056599451229","5.678491118404528","17.90894998703152","20.711450022645295","54975.290706950385","0.6.1","1.5.2","multi_batch"
"german","rf","reweighing","42","1","7.395449909381568","9.840699997730553","9.428927335997546","6.8563001696020365","8.275100030004978","135.2182777590638","0.6.1","1.5.2","multi_batch"
"german","rf","reweighing","42","32","12.589049991220236","15.387407999951392","10.536978908246656","11.81429997086525","14.513549860566854","2541.8915662672885","0.6.1","1.5.2","multi_batch"
"german","rf","reweighing","42","128","8.399700047448277","10.311603983864188","6.0454555228525795","7.687150151468813","9.007100015878677","15238.639389139233","0.6.1","1.5.2","multi_batch"
"german","rf","reweighing","42","256","10.036000050604343","12.980398014187813","9.614740509786305","9.604500140994787","11.235500103794038","25508.1704572714","0.6.1","1.5.2","multi_batch"
"german","rf","reweighing","42","1024","22.15149998664856","28.177122983615845","16.117440879840938","19.866551301674917","27.28520007804036","46227.11783026877","0.6.1","1.5.2","multi_batch"
"german","rf","dir","42","1","6.56479992903769","7.951590996235609","3.544627772945601","6.305949995294213","7.198799983598292","152.32756684278516","0.6.1","1.5.2","multi_batch"
"german","rf","dir","42","32","9.032900095917284","9.601396021898836","3.181003225340709","8.5732500301674","9.598234863369726","3542.6053272152817","0.6.1","1.5.2","multi_batch"
"german","rf","dir","42","128","12.753449962474406","15.21884699119255","6.574096407958034","12.192399939522147","13.871905009727904","10036.499957001879","0.6.1","1.5.2","multi_batch"
"german","rf","dir","42","256","11.260250001214445","12.788742005359381","5.7600789957704865","10.368250077590346","12.29614985641092","22734.841586322666","0.6.1","1.5.2","multi_batch"
"german","rf","dir","42","1024","16.164050088264048","17.81910700025037","4.624728762328196","15.370900044217706","17.616799916140735","63350.4594707658","0.6.1","1.5.2","multi_batch"
"german","lr","baseline","123","1","0.10394991841167212","0.122491002548486","0.051678708304575445","0.10125001426786184","0.10559998918324709","9620.0171705735","0.6.1","1.5.2","multi_batch"
"german","lr","baseline","123","32","0.10689999908208847","0.12591698905453086","0.03591044028582302","0.10419986210763454","0.1126001589000225","299345.18498383905","0.6.1","1.5.2","multi_batch"
"german","lr","baseline","123","128","0.12174993753433228","0.1401629950851202","0.0389234484805989","0.11669984087347984","0.12700253573711962","1051335.241662077","0.6.1","1.5.2","multi_batch"
"german","lr","baseline","123","256","0.2517501125112176","0.2586990175768733","0.06096493406842863","0.23194996174424887","0.26550629409030074","1016881.3727485148","0.6.1","1.5.2","multi_batch"
"german","lr","baseline","123","1024","0.41640002746134996","0.4155510012060404","0.08577782533035286","0.3696000203490257","0.43070001993328333","2459173.70909647","0.6.1","1.5.2","multi_batch"
"german","lr","reweighing","123","1","0.1277499832212925","0.12630101526156068","0.030802990404143738","0.10605005081743002","0.13400008901953697","7827.789677809733","0.6.1","1.5.2","multi_batch"
"german","lr","reweighing","123","32","0.10800000745803118","0.12978699756786227","0.049976197593509915","0.1050999853760004","0.11330004781484604","296296.27583530685","0.6.1","1.5.2","multi_batch"
"german","lr","reweighing","123","128","0.11984992306679487","0.1339059928432107","0.04187786330086335","0.11824991088360548","0.12139999307692051","1068002.3543165973","0.6.1","1.5.2","multi_batch"
"german","lr","reweighing","123","256","0.2266999799758196","0.24062000680714846","0.047835059440648524","0.21569989621639252","0.24025002494454384","1129245.7989070208","0.6.1","1.5.2","multi_batch"
"german","lr","reweighing","123","1024","0.41895010508596897","0.42815901106223464","0.0825500994511354","0.40054996497929096","0.43645886471495027","2444205.1393921343","0.6.1","1.5.2","multi_batch"
"german","lr","dir","123","1","1.0720000136643648","1.191271001007408","0.30327441536299066","1.0596998035907745","1.088599907234311","932.8358090050291","0.6.1","1.5.2","multi_batch"
"german","lr","dir","123","32","1.9701499259099364","2.2333689965307713","0.5732991465467538","1.8801999976858497","2.091099973767996","16242.418700810515","0.6.1","1.5.2","multi_batch"
"german","lr","dir","123","128","2.385399886406958","2.6884220028296113","0.6690044742964115","2.2530999267473817","2.6683498872444034","53659.76611695148","0.6.1","1.5.2","multi_batch"
"german","lr","dir","123","256","2.8324000304564834","3.087372004520148","0.7143481622140265","2.6769499527290463","2.9519000090658665","90382.7133340137","0.6.1","1.5.2","multi_batch"
"german","lr","dir","123","1024","5.55279990658164","6.0119690001010895","1.6154172111170308","5.265000043436885","5.768599919974804","184411.47119064565","0.6.1","1.5.2","multi_batch"
"german","rf","baseline","123","1","2.3580999113619328","2.814999013207853","1.087918068892698","2.24309996701777","2.5164999533444643","424.07024196970724","0.6.1","1.5.2","multi_batch"
"german","rf","baseline","123","32","2.925100037828088","3.350116980727762","0.8082883018190179","2.8485411166911945","3.3955001272261143","10939.796788543437","0.6.1","1.5.2","multi_batch"
"german","rf","baseline","123","128","4.08940005581826","4.230427008587867","0.8195052453655709","3.8667500484734774","4.241149988956749","31300.434844442752","0.6.1","1.5.2","multi_batch"
"german","rf","baseline","123","256","4.791949992068112","4.967087011318654","0.8973416682815764","4.576849925797433","5.105999996885657","53422.92812398808","0.6.1","1.5.2","multi_batch"
"german","rf","baseline","123","1024","10.360050131566823","10.628246010746807","1.8774685479103623","9.805399924516678","10.841350071132183","98841.22055354701","0.6.1","1.5.2","multi_batch"
"german","rf","reweighing","123","1","4.113349947147071","4.300240993034095","1.487149043283731","3.742799861356616","4.410600056871772","243.11084951417223","0.6.1","1.5.2","multi_batch"
"german","rf","reweighing","123","32","3.658149973489344","4.628405987750739","3.0047985464782907","3.414098673965782","3.900167573010549","8747.591058842414","0.6.1","1.5.2","multi_batch"
"german","rf","reweighing","123","128","6.935499841347337","7.9994480102323","4.576588188306792","6.713300012052059","7.309800013899803","18455.771455274644","0.6.1","1.5.2","multi_batch"
"german","rf","reweighing","123","256","16.93899999372661","23.906835005618632","25.99562339481223","13.77760001923889","21.64984995033592","15113.052724175575","0.6.1","1.5.2","multi_batch"
"german","rf","reweighing","123","1024","16.950850025750697","19.949138013180345","10.535968750579846","16.00310008507222","18.478099955245852","60409.94985174205","0.6.1","1.5.2","multi_batch"
"german","rf","dir","123","1","4.6209999127313495","5.305175993125886","2.1014921313478987","4.165800055488944","5.249616291257552","216.40337997949166","0.6.1","1.5.2","multi_batch"
"german","rf","dir","123","32","7.897299947217107","8.894785982556641","4.217905376647733","5.961300106719136","9.318249998614192","4052.017805310324","0.6.1","1.5.2","multi_batch"
"german","rf","dir","123","128","6.899100029841065","7.893907993566245","2.5495960519195338","6.5646949340589345","7.602799916639924","18553.144532816514","0.6.1","1.5.2","multi_batch"
"german","rf","dir","123","256","10.624899994581938","10.539776987861842","2.689403645438547","10.056099854409695","11.22460002079606","24094.344429645895","0.6.1","1.5.2","multi_batch"
"german","rf","dir","123","1024","17.407800070941448","17.47406500391662","2.6704611833111094","16.853599925525486","17.89289992302656","58824.205001604205","0.6.1","1.5.2","multi_batch"
"german","lr","baseline","256","1","0.11015008203685284","0.16047700075432658","0.09520671471066422","0.09720015805214643","0.15504995826631784","9078.522516809662","0.6.1","1.5.2","multi_batch"
"german","lr","baseline","256","32","0.10039983317255974","0.10746099054813385","0.029397148805601504","0.09964988566935062","0.10139995720237494","318725.6292049887","0.6.1","1.5.2","multi_batch"
"german","lr","baseline","256","128","0.11674989946186543","0.16452400712296367","0.10651077907697841","0.11459994129836559","0.12049998622387648","1096360.687161099","0.6.1","1.5.2","multi_batch"
"german","lr","baseline","256","256","0.2638999139890075","0.28018599608913064","0.08450755450832774","0.24710013531148434","0.28579996433109045","970064.7345063684","0.6.1","1.5.2","multi_batch"
"german","lr","baseline","256","1024","0.36010006442666054","0.43692100793123245","0.3861041879028395","0.3293000627309084","0.3804001025855541","2843654.0316380644","0.6.1","1.5.2","multi_batch"
"german","lr","reweighing","256","1","0.08794991299510002","0.09205299662426114","0.014431833219708841","0.08670007809996605","0.08890009485185146","11370.107893747585","0.6.1","1.5.2","multi_batch"
"german","lr","reweighing","256","32","0.0950000248849392","0.1243500062264502","0.07650088418488649","0.09035004768520594","0.09970119572244585","336842.0170284936","0.6.1","1.5.2","multi_batch"
"german","lr","reweighing","256","128","0.11565000750124454","0.14378200750797987","0.07689476281758342","0.11400016956031322","0.11959997937083244","1106787.6497856912","0.6.1","1.5.2","multi_batch"
"german","lr","reweighing","256","256","0.2036000369116664","0.22988601122051477","0.07031141998840482","0.18379749963060021","0.2266999799758196","1257367.1590789927","0.6.1","1.5.2","multi_batch"
"german","lr","reweighing","256","1024","0.3776999656111002","0.41671298909932375","0.14770880258840563","0.3615475172409788","0.39590010419487953","2711146.659341675","0.6.1","1.5.2","multi_batch"
"german","lr","dir","256","1","1.135449972935021","1.428679006639868","0.5644574881384409","1.0909001575782895","1.2604000512510538","880.7081102966634","0.6.1","1.5.2","multi_batch"
"german","lr","dir","256","32","2.7562500908970833","2.9180039977654815","1.081262110226824","2.3748998064547777","2.944899955764413","11609.976941383024","0.6.1","1.5.2","multi_batch"
"german","lr","dir","256","128","2.2063000360503793","2.5536330020986497","0.843393171035697","2.095975010888651","2.3948998423293233","58015.68141617762","0.6.1","1.5.2","multi_batch"
"german","lr","dir","256","256","3.2321499893441796","3.602584002073854","1.3868654037426635","2.7880424866452813","3.5182911466108617","79204.24511361979","0.6.1","1.5.2","multi_batch"
"german","lr","dir","256","1024","7.013099966570735","7.318787006661296","2.2276512798070622","6.131999893113971","7.855749921873212","146012.46308780558","0.6.1","1.5.2","multi_batch"
"german","rf","baseline","256","1","3.2185999443754554","3.361052996478975","1.207670746264752","2.7544913318706676","3.630500053986907","310.6940959678797","0.6.1","1.5.2","multi_batch"
"german","rf","baseline","256","32","3.4793500090017915","3.9449739875271916","1.5568488165492602","2.9079997912049294","4.205800127238035","9197.120127957647","0.6.1","1.5.2","multi_batch"
"german","rf","baseline","256","128","8.279500063508749","8.802154001314193","4.96105041752976","6.2899000477045774","9.780922412755897","15459.870646556308","0.6.1","1.5.2","multi_batch"
"german","rf","baseline","256","256","7.478749961592257","7.682645020540804","3.0443057436357224","5.638650036416948","8.786073871306135","34230.3194136332","0.6.1","1.5.2","multi_batch"
"german","rf","baseline","256","1024","14.695949968881905","14.792963003274053","2.579997014063955","14.256449998356402","14.92252500320319","69679.06138550279","0.6.1","1.5.2","multi_batch"
"german","rf","reweighing","256","1","2.415749942883849","2.6270830095745623","0.6192888783281982","2.3195999674499035","2.5633000768721104","413.9501287977804","0.6.1","1.5.2","multi_batch"
"german","rf","reweighing","256","32","3.9925500750541687","4.490945988800377","2.0168471400695545","3.772599855437875","4.200749914161861","8014.927652364095","0.6.1","1.5.2","multi_batch"
"german","rf","reweighing","256","128","5.240799975581467","6.433005002327263","3.0619709309103564","4.184399964287877","6.443499936722219","24423.752212714127","0.6.1","1.5.2","multi_batch"
"german","rf","reweighing","256","256","4.354049917310476","4.662946998141706","1.024276696045874","4.256049985997379","4.5402874937280995","58795.83488058235","0.6.1","1.5.2","multi_batch"
"german","rf","reweighing","256","1024","9.680000017397106","10.326341001782566","1.8968119868347082","9.442700073122978","9.85310017131269","105785.12377682283","0.6.1","1.5.2","multi_batch"
"german","rf","dir","256","1","3.366200136952102","3.5779209877364337","0.7251771265767584","3.237699973396957","3.624449949711561","297.07086902605903","0.6.1","1.5.2","multi_batch"
"german","rf","dir","256","32","6.582299945876002","7.040975987911224","2.419156643735503","5.684199859388173","7.113449973985553","4861.522608073931","0.6.1","1.5.2","multi_batch"
"german","rf","dir","256","128","6.209300132468343","6.613152001518756","1.2451447176704666","5.906849983148277","6.5413074800744635","20614.23949064562","0.6.1","1.5.2","multi_batch"
"german","rf","dir","256","256","9.210600052028894","9.649046005215496","2.9192029849156915","7.972899824380875","9.881400153972208","27794.063204775543","0.6.1","1.5.2","multi_batch"
"german","rf","dir","256","1024","13.311100075952709","13.940026003401726","1.6053860573878351","13.096400070935488","13.638549949973822","76928.27746445365","0.6.1","1.5.2","multi_batch"
"german","lr","baseline","789","1","0.09674998000264168","0.10345702059566975","0.01626619685919082","0.09515008423477411","0.09839993726927787","10335.91944900346","0.6.1","1.5.2","multi_batch"
"german","lr","baseline","789","32","0.12079998850822449","0.1494479994289577","0.06021332169214861","0.1137999352067709","0.15095004346221685","264900.6874518148","0.6.1","1.5.2","multi_batch"
"german","lr","baseline","789","128","0.11410005390644073","0.13384800171479583","0.04671496674637636","0.1137999352067709","0.11499994434416294","1121822.4323097768","0.6.1","1.5.2","multi_batch"
"german","lr","baseline","789","256","0.2827499993145466","0.33931799000129104","0.6203881769744279","0.2636999124661088","0.296299927867949","905393.4593124847","0.6.1","1.5.2","multi_batch"
"german","lr","baseline","789","1024","0.49664999824017286","0.5897170095704496","0.3634506350817223","0.4557500360533595","0.5092500941827893","2061814.1621432328","0.6.1","1.5.2","multi_batch"
"german","lr","reweighing","789","1","0.15350012108683586","0.3088040091097355","0.5063192014196942","0.13268871407490224","0.1696001272648573","6514.652841441698","0.6.1","1.5.2","multi_batch"
"german","lr","reweighing","789","32","0.10004988871514797","0.16639401437714696","0.1947243115861829","0.09919994045048952","0.10440009646117687","319840.43571609753","0.6.1","1.5.2","multi_batch"
"german","lr","reweighing","789","128","0.12390001211315393","0.17800598870962858","0.16140820471451092","0.12035004328936338","0.13160109228920192","1033091.1015819892","0.6.1","1.5.2","multi_batch"
"german","lr","reweighing","789","256","0.3148500109091401","0.46339000575244427","0.6275709713413535","0.305800000205636","0.3339124814374372","813085.5681433559","0.6.1","1.5.2","multi_batch"
"german","lr","reweighing","789","1024","0.371050089597702","0.47011200338602066","0.3524818188671955","0.3549999091774225","0.3815500531345606","2759735.218256478","0.6.1","1.5.2","multi_batch"
"german","lr","dir","789","1","1.322000054642558","1.5194800030440092","0.47376450820866167","1.2366001028567553","1.5482001472264528","756.4296207766645","0.6.1","1.5.2","multi_batch"
"german","lr","dir","789","32","4.474050016142428","5.845694001764059","3.346326709480765","4.1837499011307955","5.161599954590201","7152.356340350153","0.6.1","1.5.2","multi_batch"
"german","lr","dir","789","128","3.193250042386353","3.6398059991188347","1.5593614895458792","2.996350056491792","3.3744999673217535","40084.552822660924","0.6.1","1.5.2","multi_batch"
"german","lr","dir","789","256","5.309200030751526","7.393716003280133","10.108050623919567","4.98720002360642","5.578250042162836","48218.18701823573","0.6.1","1.5.2","multi_batch"
"german","lr","dir","789","1024","16.15045010112226","20.511882023420185","15.143708274753362","15.60856380383484","17.44539989158511","63403.805688910456","0.6.1","1.5.2","multi_batch"
"german","rf","baseline","789","1","6.278849905356765","7.760107000358403","5.122283217017317","5.2700500236824155","7.299649994820356","159.26483592908562","0.6.1","1.5.2","multi_batch"
"german","rf","baseline","789","32","5.566300009377301","6.825898003298789","3.1682425122865063","4.957399796694517","6.526369974017137","5748.881653179133","0.6.1","1.5.2","multi_batch"
"german","rf","baseline","789","128","3.879499970935285","4.626690994482487","1.5008196503806186","3.687795079895295","4.366450128145516","32993.94276555214","0.6.1","1.5.2","multi_batch"
"german","rf","baseline","789","256","7.533099967986345","7.907320999074727","1.4681682973349721","7.351000094786286","7.828005001647397","33983.35361112044","0.6.1","1.5.2","multi_batch"
"german","rf","baseline","789","1024","10.617149993777275","10.964200005400926","1.3262595294253863","10.476700030267239","11.166749987751245","96447.72849589275","0.6.1","1.5.2","multi_batch"
"german","rf","reweighing","789","1","2.3729001404717565","2.6146610104478896","0.5516899096801494","2.335249911993742","2.4979137931950386","421.42523528242106","0.6.1","1.5.2","multi_batch"
"german","rf","reweighing","789","32","2.5693998904898763","2.722903999965638","0.44300367107187244","2.5157950643915683","2.6772336481371894","12454.270010067972","0.6.1","1.5.2","multi_batch"
"german","rf","reweighing","789","128","4.843449918553233","7.084237006492913","9.090534519588365","4.157500108703971","5.298741199658252","26427.443692498084","0.6.1","1.5.2","multi_batch"
"german","rf","reweighing","789","256","5.158049985766411","6.564374999143183","7.521051391493534","4.755500005558133","5.442900117486715","49631.15919900535","0.6.1","1.5.2","multi_batch"
"german","rf","reweighing","789","1024","14.376549981534481","14.387699987273663","3.068750742501417","13.019999954849482","15.317699871957302","71227.10256043664","0.6.1","1.5.2","multi_batch"
"german","rf","dir","789","1","6.6662500612437725","7.726684983354062","6.385772749593273","6.160749937407672","7.048149942420423","150.009374207817","0.6.1","1.5.2","multi_batch"
"german","rf","dir","789","32","7.442350033670664","7.962974994443357","1.7969134979933812","7.300249999389052","7.806899957358837","4299.717139777848","0.6.1","1.5.2","multi_batch"
"german","rf","dir","789","128","8.606300107203424","8.662998992949724","1.4358300133092396","8.268749923445284","8.934400044381618","14872.825535431275","0.6.1","1.5.2","multi_batch"
"german","rf","dir","789","256","10.517249931581318","11.165000996552408","2.486916036849987","10.225000092759728","11.242549982853234","24340.963813294984","0.6.1","1.5.2","multi_batch"
"german","rf","dir","789","1024","17.658400000073016","18.820949997752905","4.894194180226896","16.857299953699112","18.46410008147359","57989.39881278971","0.6.1","1.5.2","multi_batch"
"german","lr","baseline","1024","1","0.14194997493177652","0.17005400033667684","0.10812574216517395","0.13384991325438023","0.14960020780563354","7044.73530538217","0.6.1","1.5.2","multi_batch"
"german","lr","baseline","1024","32","0.10785006452351809","0.14717401936650276","0.06140762736446856","0.10435003787279129","0.14310015831142664","296708.21377229673","0.6.1","1.5.2","multi_batch"
"german","lr","baseline","1024","128","0.12285006232559681","0.17054702388122678","0.12499281344802307","0.11954753717873245","0.13669999316334724","1041920.5133226062","0.6.1","1.5.2","multi_batch"
"german","lr","baseline","1024","256","0.21519989240914583","0.245820009149611","0.07190050133173488","0.21024889720138162","0.22479996550828218","1189591.672812194","0.6.1","1.5.2","multi_batch"
"german","lr","baseline","1024","1024","0.44234993401914835","0.5020390101708472","0.25380455997321133","0.42879500542767346","0.4610000178217888","2314909.3539950056","0.6.1","1.5.2","multi_batch"
"german","lr","reweighing","1024","1","0.13349996879696846","0.15805599046871066","0.057332750301207096","0.125400023534894","0.15210249403025955","7490.638454911071","0.6.1","1.5.2","multi_batch"
"german","lr","reweighing","1024","32","0.17125008162111044","0.19290999975055456","0.12046588818488728","0.15453507076017559","0.1860000193119049","186861.2248068866","0.6.1","1.5.2","multi_batch"
"german","lr","reweighing","1024","128","0.13509998098015785","0.16948199598118663","0.09927608988032569","0.13200007379055023","0.13739988207817078","947446.4694321413","0.6.1","1.5.2","multi_batch"
"german","lr","reweighing","1024","256","0.26830006390810013","0.2797339833341539","0.06502990721373368","0.24954986292868853","0.2883998677134514","954155.5684745822","0.6.1","1.5.2","multi_batch"
"german","lr","reweighing","1024","1024","0.48144999891519547","0.5032139993272722","0.1460069445164377","0.4640000406652689","0.5014000926166773","2126908.3026426","0.6.1","1.5.2","multi_batch"
"german","lr","dir","1024","1","3.0924001475796103","4.197787002194673","3.287513623616671","2.576699946075678","3.5306999925523996","323.3734162064019","0.6.1","1.5.2","multi_batch"
"german","lr","dir","1024","32","3.715300001204014","4.214011006988585","3.618259722660874","3.4912999253720045","3.9688724558800454","8613.03259215401","0.6.1","1.5.2","multi_batch"
"german","lr","dir","1024","128","2.595100086182356","2.8586790058761835","0.7457778509158303","2.365739975357428","2.823399845510721","49323.723844616885","0.6.1","1.5.2","multi_batch"
"german","lr","dir","1024","256","7.218150072731078","10.787972989492118","11.63385024007039","6.329610059037805","8.032300043851137","35466.150941793756","0.6.1","1.5.2","multi_batch"
"german","lr","dir","1024","1024","7.441599969752133","7.969697993248701","2.553243488059565","6.936403838335536","7.978199981153011","137604.81672788813","0.6.1","1.5.2","multi_batch"
"german","rf","baseline","1024","1","3.499399987049401","3.917210993822664","1.6053048734573816","3.236300079151988","3.80469998344779","285.7632747616179","0.6.1","1.5.2","multi_batch"
"german","rf","baseline","1024","32","3.0675999587401748","3.4215749939903617","0.9720938791846842","2.9047001153230667","3.304003761149943","10431.607911854975","0.6.1","1.5.2","multi_batch"
"german","rf","baseline","1024","128","4.058500053361058","4.750341984909028","1.5300312214416723","3.8574999198317528","4.496599896810949","31538.745427389225","0.6.1","1.5.2","multi_batch"
"german","rf","baseline","1024","256","4.9698499497026205","5.128452009521425","0.9049909449929169","4.748699953779578","5.135224986588582","51510.609493415024","0.6.1","1.5.2","multi_batch"
"german","rf","baseline","1024","1024","12.992049916647375","15.218569994904101","7.219600747412749","11.512900004163384","15.075649949721992","78817.43116518485","0.6.1","1.5.2","multi_batch"
"german","rf","reweighing","1024","1","7.642050040885806","8.82225301116705","5.009520656029405","6.449100095778704","8.551000151783228","130.8549400553373","0.6.1","1.5.2","multi_batch"
"german","rf","reweighing","1024","32","7.382999989204109","7.88555399980396","2.9250850486880733","6.449500098824501","7.888499880209565","4334.2814637400015","0.6.1","1.5.2","multi_batch"
"german","rf","reweighing","1024","128","8.381150080822408","9.398884000256658","4.85908855402071","7.495099911466241","9.103139932267366","15272.367009974827","0.6.1","1.5.2","multi_batch"
"german","rf","reweighing","1024","256","12.439699959941208","13.114993006456643","4.679499228092032","11.614200077019632","13.036299962550402","20579.274486071277","0.6.1","1.5.2","multi_batch"
"german","rf","reweighing","1024","1024","18.43679999001324","21.884758982341737","10.079629415737005","17.159499926492572","19.70389997586608","55541.09175966954","0.6.1","1.5.2","multi_batch"
"german","rf","dir","1024","1","7.197399972938001","7.728308001533151","2.258810913547767","6.847050040960312","7.640199968591332","138.9390618501082","0.6.1","1.5.2","multi_batch"
"german","rf","dir","1024","32","11.686249868944287","13.598778992891312","6.92785386638833","11.136949877254665","12.39039993379265","2738.260807261929","0.6.1","1.5.2","multi_batch"
"german","rf","dir","1024","128","12.961849919520319","18.72855800902471","18.022876643229132","12.1800999622792","14.432099997065961","9875.133626353307","0.6.1","1.5.2","multi_batch"
"german","rf","dir","1024","256","11.820800020359457","12.560005988925695","2.6943496132532774","11.552278764429502","12.188511271961032","21656.740623230282","0.6.1","1.5.2","multi_batch"
"german","rf","dir","1024","1024","32.11764991283417","37.420616992749274","18.533726590736272","30.466899974271655","34.07420008443296","31882.781049643705","0.6.1","1.5.2","multi_batch"
"german","lr","baseline","2048","1","0.18309999722987413","0.24631999200209975","0.27156559248221984","0.1729000359773636","0.1903999364003539","5461.496532654466","0.6.1","1.5.2","multi_batch"
"german","lr","baseline","2048","32","0.17830007709562778","0.2812540018931031","0.5666817564989243","0.170599902048707","0.1936562737682834","179472.72105125015","0.6.1","1.5.2","multi_batch"
"german","lr","baseline","2048","128","0.20800007041543722","0.23569300770759583","0.1301902813925254","0.20165008027106524","0.21610013209283352","615384.40705499","0.6.1","1.5.2","multi_batch"
"german","lr","baseline","2048","256","0.354000017978251","0.5424039927311242","1.0547255461491423","0.3386000171303749","0.3620998468250036","723163.8050812983","0.6.1","1.5.2","multi_batch"
"german","lr","baseline","2048","1024","0.4881499335169792","0.7558879908174276","0.970019475335113","0.4726001061499119","0.5117000546306372","2097716.151720796","0.6.1","1.5.2","multi_batch"
"german","lr","reweighing","2048","1","0.1686000032350421","0.2916330052539706","0.4343472245698399","0.16419258317910135","0.1786000793799758","5931.197988210705","0.6.1","1.5.2","multi_batch"
"german","lr","reweighing","2048","32","0.1824001083150506","0.3229809971526265","0.7200481520505652","0.17909996677190065","0.19174988847225904","175438.4923101471","0.6.1","1.5.2","multi_batch"
"german","lr","reweighing","2048","128","0.22270006593316793","0.3010149928741157","0.43172341883985005","0.2096998505294323","0.22879987955093384","574764.0866815579","0.6.1","1.5.2","multi_batch"
"german","lr","reweighing","2048","256","0.34885003697127104","0.5433609965257347","1.0044312842540128","0.3336999798193574","0.3637999761849642","733839.6814361882","0.6.1","1.5.2","multi_batch"
"german","lr","reweighing","2048","1024","0.5106000462546945","0.6784150027669966","0.7802241229952546","0.4870000993832946","0.5387550860177726","2005483.562939621","0.6.1","1.5.2","multi_batch"
"german","lr","dir","2048","1","2.383149927482009","3.042500007431954","1.7271198335956448","2.2624998819082975","2.5029662734596045","419.6127102488181","0.6.1","1.5.2","multi_batch"
"german","lr","dir","2048","32","4.060650011524558","4.270134011749178","1.1264807832324788","3.809800138697028","4.255850100889802","7880.51171836543","0.6.1","1.5.2","multi_batch"
"german","lr","dir","2048","128","4.081499995663762","4.085120987147093","0.7360280593324653","3.9333363965852186","4.227299941703677","31361.019266443425","0.6.1","1.5.2","multi_batch"
"german","lr","dir","2048","256","4.99654992017895","5.68891798844561","1.8874465478596973","4.708700114861131","5.475000012665987","51235.35321164798","0.6.1","1.5.2","multi_batch"
"german","lr","dir","2048","1024","11.60775008611381","11.837980006821454","3.349666128643867","10.50340011715889","12.819499941542745","88216.92338336927","0.6.1","1.5.2","multi_batch"
"german","rf","baseline","2048","1","5.129999830387533","6.965946001000702","7.169990128412159","4.685100051574409","5.380699993111193","194.93178032414428","0.6.1","1.5.2","multi_batch"
"german","rf","baseline","2048","32","4.406000021845102","4.480546007398516","1.2630425789629462","4.162600031122565","4.597899969667196","7262.823386596206","0.6.1","1.5.2","multi_batch"
"german","rf","baseline","2048","128","5.418000044301152","5.6972989975474775","1.5340423065496145","5.273199873045087","5.663771124090997","23624.953664338747","0.6.1","1.5.2","multi_batch"
"german","rf","baseline","2048","256","6.11974997445941","6.231290986761451","1.1765678471476684","5.9718500124290586","6.392700131982565","41831.774348365245","0.6.1","1.5.2","multi_batch"
"german","rf","baseline","2048","1024","10.438800090923905","10.528686994221061","1.570212540276278","9.840449900366366","10.872899903915823","98095.56568578458","0.6.1","1.5.2","multi_batch"
"german","rf","reweighing","2048","1","2.3915499914437532","2.8483210131525993","1.0454383367344244","2.2993499878793955","2.5059999898076057","418.13886541268187","0.6.1","1.5.2","multi_batch"
"german","rf","reweighing","2048","32","2.9938500374555588","3.4278500103391707","1.3073086117193646","2.7970924944384024","3.37080005556345","10688.578118360418","0.6.1","1.5.2","multi_batch"
"german","rf","reweighing","2048","128","3.892800072208047","4.103170000016689","0.8342631793246634","3.6522001028060913","4.140300094150007","32881.21599509649","0.6.1","1.5.2","multi_batch"
"german","rf","reweighing","2048","256","4.656750010326505","4.9505480052903295","1.058584940708829","4.455200047232211","4.943100037053227","54973.962405607155","0.6.1","1.5.2","multi_batch"
"german","rf","reweighing","2048","1024","10.842449963092804","11.080014994367957","1.8888792814630513","10.393099975772202","11.491396147175692","94443.59932355219","0.6.1","1.5.2","multi_batch"
"german","rf","dir","2048","1","3.6680500488728285","4.2000970034860075","1.1347742459793722","3.4436937799910083","4.272399935871363","272.6244153367794","0.6.1","1.5.2","multi_batch"
"german","rf","dir","2048","32","4.71000000834465","5.0516299973241985","1.0910317987948799","4.502450115978718","4.965429918956943","6794.055189661568","0.6.1","1.5.2","multi_batch"
"german","rf","dir","2048","128","6.205100100487471","7.278435991611332","6.286227988285066","5.867699859663844","6.394949974492192","20628.192604007203","0.6.1","1.5.2","multi_batch"
"german","rf","dir","2048","256","13.020599959418178","13.725410993210971","4.6485962116845965","11.939399992115796","13.633199967443943","19661.152389128412","0.6.1","1.5.2","multi_batch"
"german","rf","dir","2048","1024","15.900499885901809","17.84654801012948","8.525226322044327","15.217949985526502","16.295700101181865","64400.491012734165","0.6.1","1.5.2","multi_batch"
"german","lr","baseline","4096","1","0.15514995902776718","0.15585001092404127","0.04196195257160665","0.15380000695586205","0.15774997882544994","6445.377145223932","0.6.1","1.5.2","multi_batch"
"german","lr","baseline","4096","32","0.10470009874552488","0.13203699607402086","0.06026926089734758","0.10409997776150703","0.10550010483711958","305634.8597891628","0.6.1","1.5.2","multi_batch"
"german","lr","baseline","4096","128","0.1782500185072422","0.19234999315813184","0.04553032989816308","0.1759999431669712","0.18064992036670446","718092.4920622066","0.6.1","1.5.2","multi_batch"
"german","lr","baseline","4096","256","0.2698000753298402","0.27794699650257826","0.06237714232010392","0.24944997858256102","0.2924998989328742","948850.7358162554","0.6.1","1.5.2","multi_batch"
"german","lr","baseline","4096","1024","0.4318499704822898","0.43301600497215986","0.07939312519684592","0.4048000555485487","0.4556999774649739","2371193.863592019","0.6.1","1.5.2","multi_batch"
"german","lr","reweighing","4096","1","0.14084996655583382","0.15095698414370418","0.04903598754271173","0.13649999164044857","0.15059998258948326","7099.753194500005","0.6.1","1.5.2","multi_batch"
"german","lr","reweighing","4096","32","0.1516500487923622","0.16389100346714258","0.048609772432383805","0.1475500175729394","0.16099994536489248","211012.13125103634","0.6.1","1.5.2","multi_batch"
"german","lr","reweighing","4096","128","0.16419996973127127","0.19958400167524815","0.11453610098491572","0.1574999187141657","0.18195004668086767","779537.2935176789","0.6.1","1.5.2","multi_batch"
"german","lr","reweighing","4096","256","0.36990002263337374","0.8859729976393282","2.096807697244155","0.3409911703784019","0.40054996497929096","692078.8979073253","0.6.1","1.5.2","multi_batch"
"german","lr","reweighing","4096","1024","0.4324499750509858","1.1586789996363223","2.1071002832332715","0.4137998912483454","0.4686999600380659","2367903.940517676","0.6.1","1.5.2","multi_batch"
"german","lr","dir","4096","1","2.307099988684058","3.829512980300933","3.4373344560579318","1.983649912290275","2.645400003530085","433.44458623589514","0.6.1","1.5.2","multi_batch"
"german","lr","dir","4096","32","7.230999995954335","8.817603995557874","5.591127522651994","6.594803737243637","8.99210013449192","4425.3906814968395","0.6.1","1.5.2","multi_batch"
"german","lr","dir","4096","128","9.331549983471632","14.510318005923182","18.47003807894029","7.88745004683733","11.526599992066622","13716.90664752566","0.6.1","1.5.2","multi_batch"
"german","lr","dir","4096","256","12.887899996712804","13.154574991203845","8.1705383096337","11.791050084866583","13.855349854566157","19863.592987631462","0.6.1","1.5.2","multi_batch"
"german","lr","dir","4096","1024","10.696649900637567","10.338329989463091","4.225134847111832","9.855600073933601","11.668250081129372","95730.90729453201","0.6.1","1.5.2","multi_batch"
"german","rf","baseline","4096","1","2.7209999971091747","3.5132999974302948","1.6124978284905638","2.5592499878257513","3.14689998049289","367.5119445286339","0.6.1","1.5.2","multi_batch"
"german","rf","baseline","4096","32","2.813850063830614","3.0867720022797585","0.8097539370778177","2.7311936544720083","2.8693999629467726","11372.318806652063","0.6.1","1.5.2","multi_batch"
"german","rf","baseline","4096","128","3.6914499942213297","3.955241998191923","0.920412332776837","3.482900094240904","3.9382498944178224","34674.72136975275","0.6.1","1.5.2","multi_batch"
"german","rf","baseline","4096","256","4.099500016309321","4.206661998759955","0.49157893391374474","3.9981500012800097","4.236099892295897","62446.639585690384","0.6.1","1.5.2","multi_batch"
"german","rf","baseline","4096","1024","8.749600034207106","8.933941004797816","0.8821118820235962","8.610500022768974","8.954708717647009","117033.92109314806","0.6.1","1.5.2","multi_batch"
"german","rf","reweighing","4096","1","2.2100501228123903","2.477621000725776","0.6349452594300481","2.1362501429393888","2.3304999340325594","452.4784255695767","0.6.1","1.5.2","multi_batch"
"german","rf","reweighing","4096","32","2.5705499574542046","2.909493991173804","1.123640062493986","2.435038724797778","2.6970000471919775","12448.697955550275","0.6.1","1.5.2","multi_batch"
"german","rf","reweighing","4096","128","3.7306000012904406","4.067920988891274","0.9880879751734627","3.4940000623464584","4.053067625500262","34310.83470640752","0.6.1","1.5.2","multi_batch"
"german","rf","reweighing","4096","256","4.2556499829515815","4.317405999172479","0.4541050362673306","4.181349999271333","4.333600169047713","60155.323164628935","0.6.1","1.5.2","multi_batch"
"german","rf","reweighing","4096","1024","14.18704993557185","15.722488982137293","8.89985590885052","13.629512445186265","14.905949938111007","72178.50114367169","0.6.1","1.5.2","multi_batch"
"german","rf","dir","4096","1","3.5734999692067504","3.8444320019334555","0.839650303792378","3.413549973629415","3.850699868053198","279.8376965487931","0.6.1","1.5.2","multi_batch"
"german","rf","dir","4096","32","4.577450104989111","4.692456005141139","0.5629180118256969","4.4235000386834145","4.669850110076368","6990.791656062435","0.6.1","1.5.2","multi_batch"
"german","rf","dir","4096","128","5.86075009778142","6.150674978271127","0.9408987182083113","5.706799915060401","6.105999927967787","21840.207800099557","0.6.1","1.5.2","multi_batch"
"german","rf","dir","4096","256","8.480149903334677","8.918066998012364","2.3107884238840484","7.855199975892901","8.941799867898226","30188.145600979562","0.6.1","1.5.2","multi_batch"
"german","rf","dir","4096","1024","14.943400048650801","16.535054987762123","4.966278319406817","14.453833797597326","15.452899970114231","68525.23499780454","0.6.1","1.5.2","multi_batch"
"german","lr","baseline","8192","1","0.1303000608459115","0.12155000353232026","0.02008846855802167","0.12979982420802116","0.1306000631302595","7674.5934998646435","0.6.1","1.5.2","multi_batch"
"german","lr","baseline","8192","32","0.1004999503493309","0.11181900044903159","0.03807010488864963","0.10010018013417721","0.10109995491802692","318408.1175042396","0.6.1","1.5.2","multi_batch"
"german","lr","baseline","8192","128","0.16155000776052475","0.15762900467962027","0.04302763096732696","0.11734990403056145","0.18880004063248634","792324.3197223615","0.6.1","1.5.2","multi_batch"
"german","lr","baseline","8192","256","0.1943999668583274","0.2113929996266961","0.050426601110028946","0.19139994401484728","0.1984999980777502","1316872.6524864316","0.6.1","1.5.2","multi_batch"
"german","lr","baseline","8192","1024","0.45380007941275835","0.49639599630609155","0.33697341010013937","0.42550009675323963","0.4749000072479248","2256500.266207778","0.6.1","1.5.2","multi_batch"
"german","lr","reweighing","8192","1","0.09705009870231152","0.10498600313439965","0.026777853210705253","0.09670015424489975","0.09780004620552063","10303.956547920361","0.6.1","1.5.2","multi_batch"
"german","lr","reweighing","8192","32","0.13480009511113167","0.13879101257771254","0.0425231166620734","0.1305999467149377","0.13579986989498138","237388.5565408438","0.6.1","1.5.2","multi_batch"
"german","lr","reweighing","8192","128","0.11454999912530184","0.12883300194516778","0.03446246016321455","0.1133499899879098","0.1162998378276825","1117415.984089059","0.6.1","1.5.2","multi_batch"
"german","lr","reweighing","8192","256","0.2673499984666705","0.2783099957741797","0.06807877933145565","0.2499499823898077","0.29164995066821575","957546.2931297325","0.6.1","1.5.2","multi_batch"
"german","lr","reweighing","8192","1024","0.32995000947266817","0.3537109959870577","0.06365501966426206","0.32279739680234343","0.3391001373529434","3103500.4412837406","0.6.1","1.5.2","multi_batch"
"german","lr","dir","8192","1","1.1053001508116722","1.3026190106756985","0.3352787032752485","1.07849994674325","1.172150019556284","904.7316235917044","0.6.1","1.5.2","multi_batch"
"german","lr","dir","8192","32","2.0961000118404627","2.3889459925703704","0.8138719294890446","1.9680000841617584","2.375700045377016","15266.447125250801","0.6.1","1.5.2","multi_batch"
"german","lr","dir","8192","128","3.6157499998807907","3.864598006475717","1.4415731679075325","3.1558999326080084","4.029100062325597","35400.67759226166","0.6.1","1.5.2","multi_batch"
"german","lr","dir","8192","256","5.221000057645142","6.206571995280683","3.548488563264078","4.7770499950274825","5.948200123384595","49032.75180492244","0.6.1","1.5.2","multi_batch"
"german","lr","dir","8192","1024","7.736500003375113","8.01242898683995","2.372576048518524","7.200899999588728","8.625199901871383","132359.59407397034","0.6.1","1.5.2","multi_batch"
"german","rf","baseline","8192","1","4.862100002355874","4.935787001159042","1.9134174716172463","4.185199970379472","5.134900100529194","205.67244596274486","0.6.1","1.5.2","multi_batch"
"german","rf","baseline","8192","32","5.601800046861172","6.074437003117055","2.6555610191151104","5.068349884822965","6.027106216060927","5712.449521994345","0.6.1","1.5.2","multi_batch"
"german","rf","baseline","8192","128","4.226999939419329","5.172712008934468","1.9402224725268482","3.9218999445438385","4.7723000170663","30281.5239731429","0.6.1","1.5.2","multi_batch"
"german","rf","baseline","8192","256","5.46184997074306","6.105908991303295","1.901054996923155","5.077800014987588","5.931199993938208","46870.566084987564","0.6.1","1.5.2","multi_batch"
"german","rf","baseline","8192","1024","9.603000013157725","9.724650995340198","1.003390992972837","9.315599920228124","9.709300007671118","106633.34360064019","0.6.1","1.5.2","multi_batch"
"german","rf","reweighing","8192","1","2.2319500567391515","2.4718880048021674","0.6542824904014066","2.143800142221153","2.344688787707127","448.03869915484864","0.6.1","1.5.2","multi_batch"
"german","rf","reweighing","8192","32","3.732500015757978","5.508223008364439","5.454341517123337","3.438499988988042","4.74167751672212","8573.342227703004","0.6.1","1.5.2","multi_batch"
"german","rf","reweighing","8192","128","3.6369499284774065","4.184569986537099","1.2012178250891516","3.590799868106842","3.882999997586012","35194.325607222934","0.6.1","1.5.2","multi_batch"
"german","rf","reweighing","8192","256","5.275750067085028","6.0814080061391","1.7368695767123896","4.8844312521396205","6.189399864524603","48523.90593655356","0.6.1","1.5.2","multi_batch"
"german","rf","reweighing","8192","1024","10.615600040182471","10.651896002236754","1.8203518746225382","9.90095001179725","11.311100097373128","96461.81055464844","0.6.1","1.5.2","multi_batch"
"german","rf","dir","8192","1","3.4361000871285796","3.8321990007534623","1.0473211483862646","3.3482001163065434","3.685200121253729","291.027611141462","0.6.1","1.5.2","multi_batch"
"german","rf","dir","8192","32","5.389500060118735","6.2489910097792745","1.9440694981288897","4.980399971827865","6.1744998674839735","5937.470942211106","0.6.1","1.5.2","multi_batch"
"german","rf","dir","8192","128","5.811550072394311","6.25568299787119","1.257578879478178","5.704450071789324","6.071150070056319","22025.104904114683","0.6.1","1.5.2","multi_batch"
"german","rf","dir","8192","256","8.708600071258843","8.82975101005286","1.9712361239177871","8.20236005820334","9.323999984189868","29396.228774459585","0.6.1","1.5.2","multi_batch"
"german","rf","dir","8192","1024","13.055949937552214","13.65979898488149","1.6268115819963873","12.850600061938167","13.336349977180362","78431.67329055982","0.6.1","1.5.2","multi_batch"
"german","lr","baseline","16384","1","0.12025004252791405","0.14887399272993207","0.0755800897380223","0.1037998590618372","0.13259996194392443","8316.005374949174","0.6.1","1.5.2","multi_batch"
"german","lr","baseline","16384","32","0.13840000610798597","0.14414501143619418","0.05443071624341163","0.12900005094707012","0.14299992471933365","231213.862628244","0.6.1","1.5.2","multi_batch"
"german","lr","baseline","16384","128","0.11879997327923775","0.16198799014091492","0.07501102121210705","0.11599995195865631","0.13371871900744725","1077441.3197815937","0.6.1","1.5.2","multi_batch"
"german","lr","baseline","16384","256","0.202300027012825","0.23633801378309727","0.08816434378043551","0.19660010002553463","0.20890007726848125","1265447.1864394294","0.6.1","1.5.2","multi_batch"
"german","lr","baseline","16384","1024","0.33219996839761734","0.38495801389217377","0.16468859383483214","0.317899975925684","0.3440999425947666","3082480.726712027","0.6.1","1.5.2","multi_batch"
"german","lr","reweighing","16384","1","0.18119998276233673","0.2824329910799861","0.41290783311294954","0.17080013640224934","0.19239983521401882","5518.7643219128095","0.6.1","1.5.2","multi_batch"
"german","lr","reweighing","16384","32","0.16615004278719425","0.17433898989111185","0.08221038933315115","0.15965010679792613","0.1707513292785734","192597.00125979353","0.6.1","1.5.2","multi_batch"
"german","lr","reweighing","16384","128","0.1225500600412488","0.16662200214341283","0.1404918564954094","0.11974879016634077","0.12430501228664068","1044471.1325063148","0.6.1","1.5.2","multi_batch"
"german","lr","reweighing","16384","256","0.27989991940557957","0.3089750069193542","0.15983505389535843","0.24239998310804367","0.30435004737228155","914612.6249113056","0.6.1","1.5.2","multi_batch"
"german","lr","reweighing","16384","1024","0.46699983067810535","0.5666229850612581","0.32937667936625636","0.43804990127682686","0.4874998703598976","2192720.2811039668","0.6.1","1.5.2","multi_batch"
"german","lr","dir","16384","1","1.200100057758391","1.54706901172176","0.7518639431557489","1.1273999698460102","1.2947999639436603","833.2638545721361","0.6.1","1.5.2","multi_batch"
"german","lr","dir","16384","32","2.3708000080659986","2.59530101204291","0.8779073168779813","2.1825998555868864","2.557408664142713","13497.55352249399","0.6.1","1.5.2","multi_batch"
"german","lr","dir","16384","128","2.6785500813275576","3.220969014801085","1.6447036147079486","2.4410500191152096","2.955236338311806","47787.047512122655","0.6.1","1.5.2","multi_batch"
"german","lr","dir","16384","256","3.530750051140785","4.319196997676045","1.9709107614303554","3.172449884004891","4.072400042787194","72505.84048488122","0.6.1","1.5.2","multi_batch"
"german","lr","dir","16384","1024","10.608800104819238","11.40385600971058","7.784801542925057","9.60939982905984","11.29399985074997","96523.63979738195","0.6.1","1.5.2","multi_batch"
"german","rf","baseline","16384","1","3.051400068216026","3.575510000810027","1.455074782006829","2.729100175201893","3.4184998366981745","327.71841700345806","0.6.1","1.5.2","multi_batch"
"german","rf","baseline","16384","32","12.673349934630096","16.782855994533747","18.05794405808973","11.2829499412328","13.94500001333654","2524.983541451781","0.6.1","1.5.2","multi_batch"
"german","rf","baseline","16384","128","10.159300058148801","11.196163988206536","4.908965144771011","9.737099870108068","10.633599944412708","12599.293186279192","0.6.1","1.5.2","multi_batch"
"german","rf","baseline","16384","256","8.295999956317246","8.3818079973571","2.297799266052399","7.515522342873737","8.642400149255991","30858.2450998039","0.6.1","1.5.2","multi_batch"
"german","rf","baseline","16384","1024","11.500650085508823","11.882620004471391","2.5461785107357624","10.86385000962764","12.383299879729748","89038.4449910594","0.6.1","1.5.2","multi_batch"
"german","rf","reweighing","16384","1","2.6235501281917095","3.155717004556209","1.0828369526753627","2.474350039847195","3.0610000248998404","381.1629094692592","0.6.1","1.5.2","multi_batch"
"german","rf","reweighing","16384","32","4.91524999961257","5.148919001221657","1.962322283243514","4.538499983027577","5.426199990324676","6510.350440470435","0.6.1","1.5.2","multi_batch"
"german","rf","reweighing","16384","128","4.869149881415069","5.542115012649447","2.2329150889867906","4.097308704513125","5.429700016975403","26287.956443600116","0.6.1","1.5.2","multi_batch"
"german","rf","reweighing","16384","256","7.184750051237643","8.571703978814185","3.658470905724954","6.73464999999851","7.498649880290031","35631.023789881394","0.6.1","1.5.2","multi_batch"
"german","rf","reweighing","16384","1024","11.214899946935475","11.816260011401027","2.5686723550756416","10.742599959485233","11.633346235612406","91307.10080742298","0.6.1","1.5.2","multi_batch"
"german","rf","dir","16384","1","4.427799955010414","4.60517399944365","1.2161002531192084","4.00115002412349","4.676000098697841","225.8457947876392","0.6.1","1.5.2","multi_batch"
"german","rf","dir","16384","32","6.066950038075447","6.538655003532767","1.6656336007601993","5.880003649508581","6.580400047823787","5274.47890606843","0.6.1","1.5.2","multi_batch"
"german","rf","dir","16384","128","5.949199898168445","6.523434997070581","1.4992977500667395","5.858423773315735","6.284799892455339","21515.498250345703","0.6.1","1.5.2","multi_batch"
"german","rf","dir","16384","256","7.756100036203861","8.648222999181598","2.36082890523999","7.491249940358102","8.51479999255389","33006.27877477666","0.6.1","1.5.2","multi_batch"
"german","rf","dir","16384","1024","14.786450075916946","15.580265992321074","3.683908318947495","14.320299960672855","15.262099914252758","69252.59238982681","0.6.1","1.5.2","multi_batch"
"german","lr","baseline","32768","1","0.16389996744692326","0.3873449983075261","0.8884554510128129","0.1587499864399433","0.1721999142318964","6101.282480875637","0.6.1","1.5.2","multi_batch"
"german","lr","baseline","32768","32","0.19565003458410501","0.25093600153923035","0.18276142233272297","0.1870999112725258","0.20270003005862236","163557.34394845716","0.6.1","1.5.2","multi_batch"
"german","lr","baseline","32768","128","0.20515010692179203","0.20835399627685547","0.04513337341097878","0.19649861787911505","0.2114499220624566","623933.3818568107","0.6.1","1.5.2","multi_batch"
"german","lr","baseline","32768","256","0.3177998587489128","0.3808559896424413","0.2374213463418602","0.3100999165326357","0.3337000962346792","805538.4322944598","0.6.1","1.5.2","multi_batch"
"german","lr","baseline","32768","1024","0.5104499869048595","0.5969870020635426","0.4241464782951724","0.5002000834792852","0.5365000106394291","2006073.1242429412","0.6.1","1.5.2","multi_batch"
"german","lr","reweighing","32768","1","0.17100002150982618","0.16868700040504336","0.05811109226233069","0.14225009363144636","0.18450114293955266","5847.952480769349","0.6.1","1.5.2","multi_batch"
"german","lr","reweighing","32768","32","0.19365001935511827","0.2312049875035882","0.2623293686198965","0.1884999219328165","0.19990376022178677","165246.56236319774","0.6.1","1.5.2","multi_batch"
"german","lr","reweighing","32768","128","0.1244500745087862","0.16241300385445356","0.0767532399146258","0.12320000678300858","0.12770015746355057","1028524.896471341","0.6.1","1.5.2","multi_batch"
"german","lr","reweighing","32768","256","0.2391999587416649","0.27828400721773505","0.10128860891620717","0.22689998149871826","0.26130001060664654","1070234.2983113935","0.6.1","1.5.2","multi_batch"
"german","lr","reweighing","32768","1024","0.41830004192888737","0.5013049789704382","0.2307178412342172","0.3914498956874013","0.46024995390325785","2448003.5796269034","0.6.1","1.5.2","multi_batch"
"german","lr","dir","32768","1","1.4816999901086092","1.8627900024875998","0.9030356587872117","1.2260000221431255","1.9441000185906887","674.9004566887387","0.6.1","1.5.2","multi_batch"
"german","lr","dir","32768","32","2.892149961553514","3.121119006536901","1.1643485424498883","2.355300122871995","3.157150000333786","11064.433181331735","0.6.1","1.5.2","multi_batch"
"german","lr","dir","32768","128","2.925699925981462","3.2853729929775","1.0826357073428419","2.5994000025093555","3.3279999624937773","43750.214730945394","0.6.1","1.5.2","multi_batch"
"german","lr","dir","32768","256","3.1611999729648232","3.583730012178421","1.0919194834500046","2.9513000044971704","3.5053000319749117","80981.90629803877","0.6.1","1.5.2","multi_batch"
"german","lr","dir","32768","1024","5.575799965299666","6.032256013713777","1.409244405546417","5.324458781979047","5.849050008691847","183650.77771310724","0.6.1","1.5.2","multi_batch"
"german","rf","baseline","32768","1","4.090399947017431","4.34177300427109","1.442762871435105","3.758108729380183","4.3237937294179565","244.47487115023142","0.6.1","1.5.2","multi_batch"
"german","rf","baseline","32768","32","3.0704999808222055","3.9471630100160837","1.571847468844794","2.8807750495616347","3.6832999903708696","10421.755479520041","0.6.1","1.5.2","multi_batch"
"german","rf","baseline","32768","128","3.6851499462500215","4.579168001655489","1.8490287416920008","3.6211999831721187","3.8896886806469406","34734.00047947893","0.6.1","1.5.2","multi_batch"
"german","rf","baseline","32768","256","4.2145500192418694","4.351544003002346","0.54046980525397","4.099800018593669","4.354850039817393","60741.95319339224","0.6.1","1.5.2","multi_batch"
"german","rf","baseline","32768","1024","10.919049964286387","10.825337993446738","1.8243585076160782","9.998849942348897","11.310300091281533","93781.05268766607","0.6.1","1.5.2","multi_batch"
"german","rf","reweighing","32768","1","2.2357000270858407","2.4430919904261827","0.5932509062337913","2.161799930036068","2.370449947193265","447.28719769416745","0.6.1","1.5.2","multi_batch"
"german","rf","reweighing","32768","32","3.9283999940380454","4.317418979480863","1.7842492493246527","3.3947998890653253","4.509499995037913","8145.810011344301","0.6.1","1.5.2","multi_batch"
"german","rf","reweighing","32768","128","3.6663999781012535","4.29060697555542","1.449336449933383","3.478950005955994","3.817599965259433","34911.630145243544","0.6.1","1.5.2","multi_batch"
"german","rf","reweighing","32768","256","5.638549919240177","6.228673991281539","1.8205375873188276","5.178899969905615","6.261599948629737","45401.74400628474","0.6.1","1.5.2","multi_batch"
"german","rf","reweighing","32768","1024","9.456800064072013","10.659011991228908","6.995463038785711","9.185299975797534","9.982200106605887","108281.87051245269","0.6.1","1.5.2","multi_batch"
"german","rf","dir","32768","1","4.354499978944659","4.876951000187546","1.5385752933702377","4.004234989406541","4.82795003335923","229.64749221157567","0.6.1","1.5.2","multi_batch"
"german","rf","dir","32768","32","8.236750029027462","9.204084987286478","3.749737140733059","7.752500008791685","8.596701157512133","3885.0274546668907","0.6.1","1.5.2","multi_batch"
"german","rf","dir","32768","128","6.1642000218853354","6.975215014535934","2.0278862110965563","5.746699986048043","6.9749499671161175","20765.06270814536","0.6.1","1.5.2","multi_batch"
"german","rf","dir","32768","256","7.8075999626889825","8.156777995172888","2.378124750581711","6.748500047251582","8.518449845723808","32788.56514465069","0.6.1","1.5.2","multi_batch"
"german","rf","dir","32768","1024","16.37705008033663","17.403516008052975","5.168250237293421","15.362599864602089","17.401304963277653","62526.52309035081","0.6.1","1.5.2","multi_batch"
german,lr,eqodds,42,1,0.1569000305607915,0.17113199457526207,0.04052432774498716,0.15609990805387497,0.15780003741383553,6373.485055584781,0.6.1,1.5.2,multi_batch
german,lr,eqodds,42,32,0.17325009685009718,0.2138310088776052,0.0695858796769801,0.17214997205883265,0.18119998276233673,184704.0814510347,0.6.1,1.5.2,multi_batch
german,lr,eqodds,42,128,0.20785012748092413,0.22639401257038116,0.060882280732578405,0.20720018073916435,0.20860007498413324,615828.3449296776,0.6.1,1.5.2,multi_batch
german,lr,eqodds,42,256,0.3747999435290694,0.4023060016334057,0.09505659431124105,0.34319754922762513,0.4157000221312046,683031.0527518655,0.6.1,1.5.2,multi_batch
german,lr,eqodds,42,1024,0.6344000576063991,0.6838320079259574,0.12520645326103452,0.6307949195615947,0.6395999807864428,1614123.434766963,0.6.1,1.5.2,multi_batch
german,rf,eqodds,42,1,1.976399915292859,2.072253997903317,0.25258652243392143,1.9617874204413965,2.0007999846711755,505.9704730111881,0.6.1,1.5.2,multi_batch
german,rf,eqodds,42,32,2.3609499912708998,2.537177000194788,0.4771116680518701,2.314229984767735,2.417899901047349,13553.866078617953,0.6.1,1.5.2,multi_batch
german,rf,eqodds,42,128,3.475349978543818,3.7532970146276057,0.7526964028888801,3.3376000355929136,3.6918174388119938,36830.823022213255,0.6.1,1.5.2,multi_batch
german,rf,eqodds,42,256,3.912599990144372,4.0766559867188334,0.5309572133136815,3.8439499912783504,4.051299998536706,65429.63774596181,0.6.1,1.5.2,multi_batch
german,rf,eqodds,42,1024,8.701000013388693,8.821030003018677,0.7528425375415229,8.5346499690786,8.821600116789341,117687.62193130865,0.6.1,1.5.2,multi_batch
german,lr,eqodds,123,1,0.15974987763911486,0.20252799848094583,0.10267064818661104,0.15804998110979795,0.1650000922381878,6259.7857023656925,0.6.1,1.5.2,multi_batch
german,lr,eqodds,123,32,0.17259991727769375,0.1883950037881732,0.05905090555243557,0.1722997985780239,0.17310003750026226,185399.85710720601,0.6.1,1.5.2,multi_batch
german,lr,eqodds,123,128,0.20889996085315943,0.21750199142843485,0.03608166501408892,0.2085000742226839,0.2094500232487917,612733.4800697935,0.6.1,1.5.2,multi_batch
german,lr,eqodds,123,256,0.3775500226765871,0.4231349774636328,0.12612029141542472,0.3614910936448723,0.399499898776412,678055.8459118197,0.6.1,1.5.2,multi_batch
german,lr,eqodds,123,1024,0.6451001390814781,0.8282910147681832,0.5071466816536575,0.6372500211000443,0.6590001285076141,1587350.4560982054,0.6.1,1.5.2,multi_batch
german,rf,eqodds,123,1,2.0285501377657056,2.50888999318704,0.8726539558318986,1.9974999595433474,2.0886000711470842,492.96292035523675,0.6.1,1.5.2,multi_batch
german,rf,eqodds,123,32,2.8479999164119363,3.8840130157768726,2.147894650410384,2.539399894885719,3.317799884825945,11235.95538595216,0.6.1,1.5.2,multi_batch
german,rf,eqodds,123,128,3.00394999794662,3.2300299941562116,0.674289490390924,2.9741000616922975,3.04534996394068,42610.562788160816,0.6.1,1.5.2,multi_batch
german,rf,eqodds,123,256,3.8392000133171678,4.038362002465874,0.5142194387475784,3.7673998158425093,3.9936500834301114,66680.55821837983,0.6.1,1.5.2,multi_batch
german,rf,eqodds,123,1024,8.373300079256296,8.371674008667469,0.5539660873821197,8.086975052719936,8.447516252635976,122293.47931012526,0.6.1,1.5.2,multi_batch
german,lr,eqodds,256,1,0.16004987992346287,0.17859099665656686,0.06381595842115206,0.15730015002191067,0.16370371740777043,6248.052172723953,0.6.1,1.5.2,multi_batch
german,lr,eqodds,256,32,0.17314997967332602,0.20141699584200978,0.07801932870313873,0.17239991575479507,0.1759999431669712,184810.87933347095,0.6.1,1.5.2,multi_batch
german,lr,eqodds,256,128,0.2073498908430338,0.2250209846533835,0.05723834827135989,0.20685000345110893,0.20795012824237347,617314.0457397079,0.6.1,1.5.2,multi_batch
german,lr,eqodds,256,256,0.3229499561712146,0.3554849955253303,0.07705287460227471,0.32005005050450563,0.3300500102341175,792692.4748188524,0.6.1,1.5.2,multi_batch
german,lr,eqodds,256,1024,0.6302499677985907,0.679665005300194,0.14199515027271267,0.6272499449551105,0.6349000614136457,1624752.165520523,0.6.1,1.5.2,multi_batch
german,rf,eqodds,256,1,2.044950146228075,2.2542489995248616,0.504996013463128,2.003550063818693,2.1172499982640147,489.00947626743226,0.6.1,1.5.2,multi_batch
german,rf,eqodds,256,32,2.4276500334963202,2.55919600604102,0.4134116995948631,2.3758498718962073,2.4739999789744616,13181.471611834162,0.6.1,1.5.2,multi_batch
german,rf,eqodds,256,128,3.1110498821362853,3.333695004694164,0.5427950128859713,3.0761000234633684,3.1669000163674355,41143.66688074618,0.6.1,1.5.2,multi_batch
german,rf,eqodds,256,256,3.8245500763878226,4.1175390081480145,0.6641610727899324,3.8046000991016626,3.9354499895125628,66935.97805935505,0.6.1,1.5.2,multi_batch
german,rf,eqodds,256,1024,8.532000123523176,8.63749400479719,0.6505634295936861,8.26269993558526,8.600650122389197,120018.75119255774,0.6.1,1.5.2,multi_batch
german,lr,eqodds,789,1,0.1789000816643238,0.21961799589917064,0.14318131040862195,0.17609994392842054,0.1813999842852354,5589.712372945326,0.6.1,1.5.2,multi_batch
german,lr,eqodds,789,32,0.17095007933676243,0.21609700052067637,0.07502157990893132,0.16990001313388348,0.17419992946088314,187189.14974565018,0.6.1,1.5.2,multi_batch
german,lr,eqodds,789,128,0.21130009554326534,0.2270149951800704,0.04666149840591796,0.20999996922910213,0.21220123453531414,605773.5074416519,0.6.1,1.5.2,multi_batch
german,lr,eqodds,789,256,0.39059994742274284,0.39955400861799717,0.07007126164816319,0.3796500386670232,0.39976120751816774,655402.0339458302,0.6.1,1.5.2,multi_batch
german,lr,eqodds,789,1024,0.6850000936537981,0.8938659890554845,0.33767372673586643,0.6501501193270087,0.785745042958295,1494890.3065661972,0.6.1,1.5.2,multi_batch
german,rf,eqodds,789,1,2.0433999598026276,2.210074986796826,0.5457894147980171,2.0270501263439655,2.064000000245869,489.3804539844418,0.6.1,1.5.2,multi_batch
german,rf,eqodds,789,32,2.3662500316277146,2.5204049912281334,0.41421351699098435,2.2904000943526626,2.4338801304111253,13523.507479041675,0.6.1,1.5.2,multi_batch
german,rf,eqodds,789,128,3.1346000032499433,3.2712720055133104,0.4183539370347247,3.0564500484615564,3.202799940481782,40834.556200883686,0.6.1,1.5.2,multi_batch
german,rf,eqodds,789,256,3.916049958206713,4.0571569837629795,0.4116386294353984,3.8854888814967126,3.97789990529418,65371.99543726729,0.6.1,1.5.2,multi_batch
german,rf,eqodds,789,1024,8.497099974192679,8.579335000831634,0.5567528104698256,8.310399949550629,8.614549995400012,120511.7043591442,0.6.1,1.5.2,multi_batch
german,lr,eqodds,1024,1,0.17579994164407253,0.18948500975966454,0.04905937064387879,0.17399992793798447,0.17710006795823574,5688.284026991411,0.6.1,1.5.2,multi_batch
german,lr,eqodds,1024,32,0.17020013183355331,0.2679640077985823,0.4504912676803908,0.1697000116109848,0.17134996596723795,188013.9554256885,0.6.1,1.5.2,multi_batch
german,lr,eqodds,1024,128,0.20979996770620346,0.22449799813330173,0.04880059692823611,0.20870007574558258,0.21079997532069683,610104.9556844867,0.6.1,1.5.2,multi_batch
german,lr,eqodds,1024,256,0.32590003684163094,0.35514301154762506,0.07882332779135302,0.32190000638365746,0.32965000718832016,785516.9409643288,0.6.1,1.5.2,multi_batch
german,lr,eqodds,1024,1024,0.627450062893331,0.6716420105658472,0.13440410811219694,0.6247999845072627,0.6310026423307136,1632002.3864179356,0.6.1,1.5.2,multi_batch
german,rf,eqodds,1024,1,2.001649932935834,2.1898369980044663,0.4110706610095968,1.9839000888168812,2.0172499353066087,499.58785677038594,0.6.1,1.5.2,multi_batch
german,rf,eqodds,1024,32,2.4412500206381083,2.565826012287289,0.3206404308837262,2.4135999847203493,2.523948875023051,13108.038803676345,0.6.1,1.5.2,multi_batch
german,rf,eqodds,1024,128,3.140400047414005,3.2449590135365725,0.3120386076850563,3.0986000783741474,3.1866501085460186,40759.13834780474,0.6.1,1.5.2,multi_batch
german,rf,eqodds,1024,256,3.927849931642413,4.0331010008230805,0.37042264418528914,3.854300011880696,3.980329810292459,65175.60610900293,0.6.1,1.5.2,multi_batch
german,rf,eqodds,1024,1024,8.538649999536574,8.593329002615064,0.6251744108588996,8.331699995324016,8.668700000271201,119925.28093499283,0.6.1,1.5.2,multi_batch
german,lr,eqodds,2048,1,0.18899980932474136,0.24423300754278898,0.15509699062038002,0.18319999799132347,0.21510000806301832,5291.010628914392,0.6.1,1.5.2,multi_batch
german,lr,eqodds,2048,32,0.17405010294169188,0.20850400673225522,0.09640181923087263,0.17250003293156624,0.18049986101686954,183855.10527804884,0.6.1,1.5.2,multi_batch
german,lr,eqodds,2048,128,0.20979985129088163,0.2398450067266822,0.08527149971620095,0.20899996161460876,0.21299999207258224,610105.2942241202,0.6.1,1.5.2,multi_batch
german,lr,eqodds,2048,256,0.3315999638289213,0.3638480114750564,0.07920723975273555,0.3268999280408025,0.33890013583004475,772014.5594831103,0.6.1,1.5.2,multi_batch
german,lr,eqodds,2048,1024,0.6386999739333987,0.7140629854984581,0.15286241514020127,0.6315000355243683,0.6703999824821949,1603256.6804312707,0.6.1,1.5.2,multi_batch
german,rf,eqodds,2048,1,2.027299953624606,2.1605280018411577,0.33258197132215905,1.998899970203638,2.055699937045574,493.26691800692925,0.6.1,1.5.2,multi_batch
german,rf,eqodds,2048,32,2.4794500786811113,2.5281729944981635,0.24313594707739353,2.4379000533372164,2.5134000461548567,12906.087634166723,0.6.1,1.5.2,multi_batch
german,rf,eqodds,2048,128,3.1699499813839793,3.3462820132263005,0.4375162520736405,3.096400061622262,3.2636011921567842,40379.186028707,0.6.1,1.5.2,multi_batch
german,rf,eqodds,2048,256,3.8681000005453825,3.9963599923066795,0.39613047260828743,3.8119000382721424,3.9303499506786466,66182.36342491282,0.6.1,1.5.2,multi_batch
german,rf,eqodds,2048,1024,8.534349966794252,8.62000500317663,0.5239326538641536,8.436599979177117,8.627200033515692,119985.70529498029,0.6.1,1.5.2,multi_batch
german,lr,eqodds,4096,1,0.15609990805387497,0.1702840020880103,0.05348432883271143,0.15575008001178503,0.15659991186112165,6406.153677264619,0.6.1,1.5.2,multi_batch
german,lr,eqodds,4096,32,0.1697998959571123,0.18084699986502528,0.04850334794525968,0.1696001272648573,0.1700000138953328,188457.12371980774,0.6.1,1.5.2,multi_batch
german,lr,eqodds,4096,128,0.20780006889253855,0.21977100986987352,0.04559905882708482,0.20750006660819054,0.2090000780299306,615976.6966496712,0.6.1,1.5.2,multi_batch
german,lr,eqodds,4096,256,0.3600999480113387,0.40751300286501646,0.11691871098857134,0.33229985274374485,0.38730003871023655,710913.7377379992,0.6.1,1.5.2,multi_batch
german,lr,eqodds,4096,1024,0.6639499915763736,0.7426000060513616,0.20032867210973437,0.6530000828206539,0.6868999917060137,1542284.8301703911,0.6.1,1.5.2,multi_batch
german,rf,eqodds,4096,1,2.0100498804822564,2.1301660174503922,0.2963180882690164,1.9887500675395131,2.0312999840825796,497.50009176890546,0.6.1,1.5.2,multi_batch
german,rf,eqodds,4096,32,2.403650083579123,2.515921003650874,0.38403586901249637,2.353350166231394,2.4482924025505777,13313.085884926657,0.6.1,1.5.2,multi_batch
german,rf,eqodds,4096,128,3.0590499518439174,3.274816011544317,0.47810632134077435,2.9998000245541334,3.2038999488577247,41843.05650937307,0.6.1,1.5.2,multi_batch
german,rf,eqodds,4096,256,3.8108000298961997,3.9443009928800166,0.37404538371483537,3.770700190216303,3.902300028130412,67177.49501197864,0.6.1,1.5.2,multi_batch
german,rf,eqodds,4096,1024,8.389500086195767,8.476213999092579,0.5420278058863112,8.267197472741827,8.587150019593537,122057.3323176798,0.6.1,1.5.2,multi_batch
german,lr,eqodds,8192,1,0.16039994079619646,0.17922299914062023,0.06141243319911845,0.15760003589093685,0.16594992484897375,6234.416266216682,0.6.1,1.5.2,multi_batch
german,lr,eqodds,8192,32,0.1779500162228942,0.19793000537902117,0.05907553107636632,0.17725012730807066,0.1789000816643238,179825.77736839248,0.6.1,1.5.2,multi_batch
german,lr,eqodds,8192,128,0.21989992819726467,0.24115599924698472,0.07995837518426054,0.21894884412176907,0.22134988103061914,582082.9549574732,0.6.1,1.5.2,multi_batch
german,lr,eqodds,8192,256,0.3817998804152012,0.4002520046196878,0.07608478075515136,0.3765999572351575,0.3963999915868044,670508.3294463166,0.6.1,1.5.2,multi_batch
german,lr,eqodds,8192,1024,0.6370500195771456,0.6870339927263558,0.13780217867291553,0.6321498658508062,0.6422000005841255,1607409.1021607693,0.6.1,1.5.2,multi_batch
german,rf,eqodds,8192,1,2.0574500085785985,2.169331004843116,0.3343339284202454,2.0345000084489584,2.0764124754350632,486.0385408298965,0.6.1,1.5.2,multi_batch
german,rf,eqodds,8192,32,2.359449863433838,2.46928000357002,0.336540217938868,2.325148819363676,2.387350075878203,13562.483567007705,0.6.1,1.5.2,multi_batch
german,rf,eqodds,8192,128,3.1164500396698713,3.3553810021840036,0.5386863985408558,3.07740003336221,3.2488000579178333,41072.373492488,0.6.1,1.5.2,multi_batch
german,rf,eqodds,8192,256,3.925599972717464,4.063431001268327,0.3941790207561905,3.8503999821841717,4.018781232298352,65212.96152923756,0.6.1,1.5.2,multi_batch
german,rf,eqodds,8192,1024,8.429049979895353,8.505388000048697,0.6340081709836061,8.248200174421072,8.631600067019463,121484.62785751722,0.6.1,1.5.2,multi_batch
german,lr,eqodds,16384,1,0.15885010361671448,0.17672500107437372,0.049308381061813365,0.15760003589093685,0.16120006330311298,6295.242982106423,0.6.1,1.5.2,multi_batch
german,lr,eqodds,16384,32,0.1778999576345086,0.195723008364439,0.04461892296672896,0.17755001317709684,0.1790012145647779,179876.37785582428,0.6.1,1.5.2,multi_batch
german,lr,eqodds,16384,128,0.2172000240534544,0.23608100833371282,0.051815475861942434,0.21680002100765705,0.21815258951392025,589318.5351052186,0.6.1,1.5.2,multi_batch
german,lr,eqodds,16384,256,0.32789993565529585,0.35709900315850973,0.0788975059479675,0.3238001372665167,0.3328499151393771,780725.9842500228,0.6.1,1.5.2,multi_batch
german,lr,eqodds,16384,1024,0.6415499374270439,0.6950780074112117,0.13349613365534968,0.6385999731719494,0.6491998210549355,1596134.5177692387,0.6.1,1.5.2,multi_batch
german,rf,eqodds,16384,1,2.1021999418735504,2.288004991132766,0.4280237177318607,2.0578999537974596,2.1370998583734035,475.69214520516385,0.6.1,1.5.2,multi_batch
german,rf,eqodds,16384,32,2.726899925619364,2.9264919948764145,0.6118407066324932,2.6296499418094754,2.8560999780893326,11734.937428160956,0.6.1,1.5.2,multi_batch
german,rf,eqodds,16384,128,3.089449950493872,3.2631319924257696,0.4313287381649088,3.051800187677145,3.144338825950399,41431.32339125229,0.6.1,1.5.2,multi_batch
german,rf,eqodds,16384,256,3.9314000168815255,4.137587998993695,0.7775172030802927,3.8648999761790037,4.0299000684171915,65116.75202236605,0.6.1,1.5.2,multi_batch
german,rf,eqodds,16384,1024,8.449199958704412,8.547388007864356,0.526997021885433,8.31405003555119,8.591099875047803,121194.90661894793,0.6.1,1.5.2,multi_batch
german,lr,eqodds,32768,1,0.16189995221793652,0.20669399295002222,0.11130621350872072,0.15770015306770802,0.16870012041181326,6176.654077413695,0.6.1,1.5.2,multi_batch
german,lr,eqodds,32768,32,0.17034995835274458,0.18948799232020974,0.06910905479757912,0.17010001465678215,0.17110002227127552,187848.59303421387,0.6.1,1.5.2,multi_batch
german,lr,eqodds,32768,128,0.20899996161460876,0.22145300870761275,0.043034510674438586,0.208650017157197,0.20945013966411352,612440.3038696683,0.6.1,1.5.2,multi_batch
german,lr,eqodds,32768,256,0.38115005008876324,0.39358100621029735,0.08744512211758672,0.3383500734344125,0.39345627592410887,671651.4924775218,0.6.1,1.5.2,multi_batch
german,lr,eqodds,32768,1024,0.6330499891191721,0.6657499936409295,0.09677801341301145,0.6285499548539519,0.6345000583678484,1617565.780902701,0.6.1,1.5.2,multi_batch
german,rf,eqodds,32768,1,2.1419499535113573,2.3801939887925982,0.5413367337850573,2.045899978838861,2.249250072054565,466.864316022264,0.6.1,1.5.2,multi_batch
german,rf,eqodds,32768,32,2.3593000369146466,2.4833549954928458,0.36666849010763675,2.3256000131368637,2.413900103420019,13563.344847757351,0.6.1,1.5.2,multi_batch
german,rf,eqodds,32768,128,3.1237000366672873,3.2274350081570446,0.3292027116523896,3.068150137551129,3.1798999989405274,40977.04597031818,0.6.1,1.5.2,multi_batch
german,rf,eqodds,32768,256,3.9178000297397375,4.107056006323546,0.4914487312835562,3.850199980661273,4.093799972906709,65342.79392943041,0.6.1,1.5.2,multi_batch
german,rf,eqodds,32768,1024,8.385950000956655,8.496255988720804,0.6143746133076695,8.212699787691236,8.546800003387034,122109.0037363905,0.6.1,1.5.2,multi_batch
